,Years,Country,Capital,Latitude,Longditude,Percent_of_Health_Spending,Percent_of_GDP,USD_per_Capita,Total_Spending_in_Millions_USD
0,1971,AUS,Canberra,-35.26666667,149.133333,15.992,0.727,35.72,462.11
1,1972,AUS,Canberra,-35.26666667,149.133333,15.091,0.686,36.056,475.11
2,1973,AUS,Canberra,-35.26666667,149.133333,15.117,0.681,39.871,533.47
3,1974,AUS,Canberra,-35.26666667,149.133333,14.771,0.755,47.559,652.65
4,1975,AUS,Canberra,-35.26666667,149.133333,11.849,0.682,47.561,660.76
5,1976,AUS,Canberra,-35.26666667,149.133333,10.92,0.63,46.908,658.26
6,1977,AUS,Canberra,-35.26666667,149.133333,10.087,0.613,47.649,676.23
7,1978,AUS,Canberra,-35.26666667,149.133333,9.958,0.591,50.799,729.37
8,1979,AUS,Canberra,-35.26666667,149.133333,8.981,0.523,49.766,722.3
9,1980,AUS,Canberra,-35.26666667,149.133333,9.263,0.54,56.972,837.03
10,1981,AUS,Canberra,-35.26666667,149.133333,9.388,0.548,65.39,976.08
11,1982,AUS,Canberra,-35.26666667,149.133333,9.248,0.564,67.606,1026.12
12,1983,AUS,Canberra,-35.26666667,149.133333,9.589,0.58,74.083,1138.58
13,1984,AUS,Canberra,-35.26666667,149.133333,9.465,0.569,77.27,1201.08
14,1985,AUS,Canberra,-35.26666667,149.133333,9.56,0.58,84.134,1325.78
15,1986,AUS,Canberra,-35.26666667,149.133333,9.568,0.599,89.94,1440.69
16,1987,AUS,Canberra,-35.26666667,149.133333,9.543,0.582,93.578,1521.94
17,1988,AUS,Canberra,-35.26666667,149.133333,9.823,0.595,102.027,1686.73
18,1989,AUS,Canberra,-35.26666667,149.133333,10.199,0.623,111.197,1869.71
19,1990,AUS,Canberra,-35.26666667,149.133333,10.474,0.677,120.773,2061.0
20,1991,AUS,Canberra,-35.26666667,149.133333,10.937,0.739,134.356,2322.21
21,1992,AUS,Canberra,-35.26666667,149.133333,11.407,0.778,149.096,2608.43
22,1993,AUS,Canberra,-35.26666667,149.133333,11.977,0.819,165.359,2921.4
23,1994,AUS,Canberra,-35.26666667,149.133333,12.508,0.859,183.972,3284.82
24,1995,AUS,Canberra,-35.26666667,149.133333,12.762,0.882,198.406,3585.59
25,1996,AUS,Canberra,-35.26666667,149.133333,13.106,0.924,215.606,3947.96
26,1997,AUS,Canberra,-35.26666667,149.133333,13.437,0.95,232.59,4306.87
27,1998,AUS,Canberra,-35.26666667,149.133333,14.084,1.019,261.728,4897.19
28,1999,AUS,Canberra,-35.26666667,149.133333,14.679,1.075,291.589,5518.61
29,2000,AUS,Canberra,-35.26666667,149.133333,15.702,1.194,338.665,6486.45
30,2001,AUS,Canberra,-35.26666667,149.133333,16.059,1.236,364.771,7081.3
31,2002,AUS,Canberra,-35.26666667,149.133333,15.374,1.213,373.044,7330.84
32,2003,AUS,Canberra,-35.26666667,149.133333,15.761,1.244,401.302,7984.06
33,2004,AUS,Canberra,-35.26666667,149.133333,15.656,1.269,429.882,8652.41
34,2005,AUS,Canberra,-35.26666667,149.133333,15.218,1.213,432.513,8821.02
35,2006,AUS,Canberra,-35.26666667,149.133333,15.276,1.219,461.821,9558.72
36,2007,AUS,Canberra,-35.26666667,149.133333,15.201,1.225,485.887,10119.86
37,2008,AUS,Canberra,-35.26666667,149.133333,15.412,1.273,510.172,10840.75
38,2009,AUS,Canberra,-35.26666667,149.133333,15.535,1.334,553.724,12011.21
39,2010,AUS,Canberra,-35.26666667,149.133333,15.63,1.324,563.857,12422.76
40,2011,AUS,Canberra,-35.26666667,149.133333,15.311,1.315,580.921,12977.79
41,2012,AUS,Canberra,-35.26666667,149.133333,15.308,1.336,582.874,13247.71
42,2013,AUS,Canberra,-35.26666667,149.133333,14.989,1.32,627.402,14503.87
43,2014,AUS,Canberra,-35.26666667,149.133333,14.386,1.306,616.997,14475.18
44,1990,AUT,Vienna,48.2,16.366667,10.131,0.784,152.003,1167.06
45,1991,AUT,Vienna,48.2,16.366667,10.001,0.78,160.118,1241.7
46,1992,AUT,Vienna,48.2,16.366667,9.889,0.801,169.708,1330.63
47,1993,AUT,Vienna,48.2,16.366667,9.746,0.84,181.793,1437.19
48,1994,AUT,Vienna,48.2,16.366667,9.457,0.852,192.083,1524.39
49,1995,AUT,Vienna,48.2,16.366667,9.542,0.854,201.335,1600.27
50,1996,AUT,Vienna,48.2,16.366667,9.839,0.876,214.418,1706.56
51,1997,AUT,Vienna,48.2,16.366667,11.213,1.01,255.927,2039.24
52,1998,AUT,Vienna,48.2,16.366667,11.843,1.087,288.769,2303.45
53,1999,AUT,Vienna,48.2,16.366667,12.551,1.17,322.318,2576.07
54,2000,AUT,Vienna,48.2,16.366667,12.734,1.174,344.082,2756.64
55,2001,AUT,Vienna,48.2,16.366667,12.897,1.198,356.061,2863.55
56,2002,AUT,Vienna,48.2,16.366667,13.154,1.238,385.304,3114.01
57,2003,AUT,Vienna,48.2,16.366667,13.607,1.304,417.087,3387.34
58,2004,AUT,Vienna,48.2,16.366667,13.41,1.294,435.327,3557.48
59,2005,AUT,Vienna,48.2,16.366667,13.325,1.277,445.188,3662.93
60,2006,AUT,Vienna,48.2,16.366667,13.37,1.268,474.834,3926.23
61,2007,AUT,Vienna,48.2,16.366667,13.605,1.289,504.849,4187.97
62,2008,AUT,Vienna,48.2,16.366667,13.606,1.311,538.253,4479.07
63,2009,AUT,Vienna,48.2,16.366667,12.53,1.271,517.265,4315.71
64,2010,AUT,Vienna,48.2,16.366667,12.368,1.251,524.143,4383.62
65,2011,AUT,Vienna,48.2,16.366667,12.473,1.236,546.783,4588.41
66,2012,AUT,Vienna,48.2,16.366667,12.181,1.234,570.525,4809.52
67,2013,AUT,Vienna,48.2,16.366667,12.222,1.245,594.13,5037.85
68,2014,AUT,Vienna,48.2,16.366667,12.324,1.268,616.256,5263.8
69,2015,AUT,Vienna,48.2,16.366667,12.407,1.28,632.737,5462.53
70,1970,BEL,Brussels,50.83333333,4.333333,28.113,1.078,41.918,404.74
71,1971,BEL,Brussels,50.83333333,4.333333,28.275,1.109,46.908,453.75
72,1972,BEL,Brussels,50.83333333,4.333333,27.629,1.126,52.105,506.0
73,1973,BEL,Brussels,50.83333333,4.333333,27.547,1.2,61.916,603.17
74,1974,BEL,Brussels,50.83333333,4.333333,26.779,1.183,69.147,675.73
75,1975,BEL,Brussels,50.83333333,4.333333,21.886,1.208,75.852,743.4
76,1976,BEL,Brussels,50.83333333,4.333333,18.88,1.081,75.524,741.51
77,1977,BEL,Brussels,50.83333333,4.333333,18.301,1.133,84.525,830.91
78,1978,BEL,Brussels,50.83333333,4.333333,17.789,1.135,93.107,916.13
79,1979,BEL,Brussels,50.83333333,4.333333,17.386,1.106,100.444,989.21
80,1980,BEL,Brussels,50.83333333,4.333333,17.374,1.068,110.325,1087.72
81,1981,BEL,Brussels,50.83333333,4.333333,16.044,1.053,118.541,1168.69
82,1982,BEL,Brussels,50.83333333,4.333333,15.4,1.045,125.806,1239.98
83,1983,BEL,Brussels,50.83333333,4.333333,15.594,1.084,136.098,1341.32
84,1984,BEL,Brussels,50.83333333,4.333333,14.967,1.017,135.461,1335.02
85,1985,BEL,Brussels,50.83333333,4.333333,15.684,1.074,149.946,1478.21
86,1986,BEL,Brussels,50.83333333,4.333333,15.708,1.102,159.833,1576.24
87,1987,BEL,Brussels,50.83333333,4.333333,15.952,1.136,172.74,1704.98
88,1988,BEL,Brussels,50.83333333,4.333333,16.479,1.174,192.778,1908.82
89,1989,BEL,Brussels,50.83333333,4.333333,16.231,1.147,201.741,2004.84
90,1990,BEL,Brussels,50.83333333,4.333333,15.52,1.103,206.956,2062.81
91,1991,BEL,Brussels,50.83333333,4.333333,15.597,1.157,227.548,2276.5
92,1992,BEL,Brussels,50.83333333,4.333333,16.282,1.237,251.603,2527.39
93,1993,BEL,Brussels,50.83333333,4.333333,17.445,1.347,276.698,2790.35
94,1994,BEL,Brussels,50.83333333,4.333333,17.459,1.313,283.434,2867.11
95,1995,BEL,Brussels,50.83333333,4.333333,18.068,1.351,304.259,3084.22
96,1996,BEL,Brussels,50.83333333,4.333333,17.119,1.327,303.867,3086.27
97,1997,BEL,Brussels,50.83333333,4.333333,17.497,1.332,318.442,3242.14
98,2003,BEL,Brussels,50.83333333,4.333333,17.13,1.557,483.535,5017.22
99,2004,BEL,Brussels,50.83333333,4.333333,17.098,1.557,502.408,5235.66
100,2005,BEL,Brussels,50.83333333,4.333333,17.026,1.536,512.107,5366.17
101,2006,BEL,Brussels,50.83333333,4.333333,16.501,1.472,521.218,5497.79
102,2007,BEL,Brussels,50.83333333,4.333333,16.676,1.493,550.12,5845.41
103,2008,BEL,Brussels,50.83333333,4.333333,16.407,1.532,584.31,6257.94
104,2009,BEL,Brussels,50.83333333,4.333333,15.792,1.59,605.096,6532.91
105,2010,BEL,Brussels,50.83333333,4.333333,15.677,1.555,623.97,6798.52
106,2011,BEL,Brussels,50.83333333,4.333333,15.345,1.547,638.092,7049.48
107,2012,BEL,Brussels,50.83333333,4.333333,14.599,1.487,629.735,7007.85
108,2013,BEL,Brussels,50.83333333,4.333333,14.273,1.48,642.958,7190.08
109,2014,BEL,Brussels,50.83333333,4.333333,13.851,1.44,644.954,7229.33
110,2015,BEL,Brussels,50.83333333,4.333333,14.209,1.489,678.971,7654.85
111,1970,CAN,Ottawa,45.41666667,-75.7,11.962,0.76,34.512,735.93
112,1971,CAN,Ottawa,45.41666667,-75.7,11.529,0.762,37.493,811.56
113,1972,CAN,Ottawa,45.41666667,-75.7,10.962,0.716,38.279,841.89
114,1973,CAN,Ottawa,45.41666667,-75.7,10.942,0.679,40.48,905.51
115,1974,CAN,Ottawa,45.41666667,-75.7,10.026,0.611,40.559,923.69
116,1975,CAN,Ottawa,45.41666667,-75.7,9.319,0.609,44.367,1029.71
117,1976,CAN,Ottawa,45.41666667,-75.7,8.957,0.589,46.967,1104.57
118,1977,CAN,Ottawa,45.41666667,-75.7,8.9,0.583,50.511,1201.96
119,1978,CAN,Ottawa,45.41666667,-75.7,8.882,0.58,55.298,1329.14
120,1979,CAN,Ottawa,45.41666667,-75.7,9.081,0.582,61.83,1501.05
121,1980,CAN,Ottawa,45.41666667,-75.7,8.934,0.589,68.701,1689.56
122,1981,CAN,Ottawa,45.41666667,-75.7,9.357,0.635,82.876,2063.61
123,1982,CAN,Ottawa,45.41666667,-75.7,9.071,0.682,90.435,2279.14
124,1983,CAN,Ottawa,45.41666667,-75.7,9.145,0.704,98.477,2506.83
125,1984,CAN,Ottawa,45.41666667,-75.7,9.5,0.72,109.506,2814.52
126,1985,CAN,Ottawa,45.41666667,-75.7,10.061,0.763,124.336,3225.52
127,1986,CAN,Ottawa,45.41666667,-75.7,10.756,0.842,141.554,3709.28
128,1987,CAN,Ottawa,45.41666667,-75.7,11.058,0.859,152.165,4039.98
129,1988,CAN,Ottawa,45.41666667,-75.7,11.383,0.884,167.067,4493.27
130,1989,CAN,Ottawa,45.41666667,-75.7,11.691,0.932,183.938,5036.04
131,1990,CAN,Ottawa,45.41666667,-75.7,11.914,1.0,201.819,5608.75
132,1991,CAN,Ottawa,45.41666667,-75.7,12.135,1.102,222.113,6257.3
133,1992,CAN,Ottawa,45.41666667,-75.7,12.75,1.19,244.536,6974.07
134,1993,CAN,Ottawa,45.41666667,-75.7,13.377,1.233,263.391,7594.46
135,1994,CAN,Ottawa,45.41666667,-75.7,13.613,1.206,272.076,7920.65
136,1995,CAN,Ottawa,45.41666667,-75.7,14.358,1.229,287.512,8439.63
137,1996,CAN,Ottawa,45.41666667,-75.7,14.578,1.219,292.026,8664.97
138,1997,CAN,Ottawa,45.41666667,-75.7,15.255,1.273,320.266,9603.88
139,1998,CAN,Ottawa,45.41666667,-75.7,15.702,1.347,352.804,10671.58
140,1999,CAN,Ottawa,45.41666667,-75.7,16.199,1.354,375.645,11456.87
141,2000,CAN,Ottawa,45.41666667,-75.7,16.601,1.374,402.054,12371.08
142,2001,CAN,Ottawa,45.41666667,-75.7,16.921,1.465,441.311,13716.78
143,2002,CAN,Ottawa,45.41666667,-75.7,17.438,1.55,478.226,14998.12
144,2003,CAN,Ottawa,45.41666667,-75.7,17.845,1.614,519.989,16471.17
145,2004,CAN,Ottawa,45.41666667,-75.7,17.992,1.637,553.47,17708.27
146,2005,CAN,Ottawa,45.41666667,-75.7,18.058,1.637,592.738,19152.55
147,2006,CAN,Ottawa,45.41666667,-75.7,18.251,1.68,638.701,20802.81
148,2007,CAN,Ottawa,45.41666667,-75.7,18.052,1.679,662.072,21774.18
149,2008,CAN,Ottawa,45.41666667,-75.7,17.828,1.687,679.645,22595.32
150,2009,CAN,Ottawa,45.41666667,-75.7,17.824,1.885,731.121,24586.55
151,2010,CAN,Ottawa,45.41666667,-75.7,18.471,1.951,780.901,26554.75
152,2011,CAN,Ottawa,45.41666667,-75.7,18.32,1.872,778.209,26725.86
153,2012,CAN,Ottawa,45.41666667,-75.7,17.883,1.828,770.464,26774.04
154,2013,CAN,Ottawa,45.41666667,-75.7,17.575,1.778,783.949,27560.08
155,2014,CAN,Ottawa,45.41666667,-75.7,17.453,1.743,785.811,27931.31
156,1990,CZE,Prague,50.08333333,14.466667,24.212,0.908,114.502,1183.19
157,1991,CZE,Prague,50.08333333,14.466667,21.496,0.836,96.461,994.38
158,1992,CZE,Prague,50.08333333,14.466667,24.69,0.99,116.212,1199.21
159,1993,CZE,Prague,50.08333333,14.466667,22.358,1.201,144.243,1490.01
160,1994,CZE,Prague,50.08333333,14.466667,28.254,1.564,197.307,2038.89
161,1995,CZE,Prague,50.08333333,14.466667,28.28,1.629,222.953,2302.49
162,1996,CZE,Prague,50.08333333,14.466667,27.665,1.56,226.75,2338.98
163,1997,CZE,Prague,50.08333333,14.466667,27.252,1.539,225.909,2327.8
164,1998,CZE,Prague,50.08333333,14.466667,25.085,1.412,209.924,2161.04
165,1999,CZE,Prague,50.08333333,14.466667,24.149,1.403,214.504,2205.93
166,2000,CZE,Prague,50.08333333,14.466667,24.659,1.414,228.095,2339.13
167,2001,CZE,Prague,50.08333333,14.466667,24.981,1.474,258.786,2643.91
168,2002,CZE,Prague,50.08333333,14.466667,25.069,1.558,282.66,2882.26
169,2003,CZE,Prague,50.08333333,14.466667,25.196,1.657,320.79,3270.13
170,2004,CZE,Prague,50.08333333,14.466667,25.671,1.642,341.185,3479.1
171,2005,CZE,Prague,50.08333333,14.466667,25.7,1.643,360.063,3676.68
172,2006,CZE,Prague,50.08333333,14.466667,23.478,1.457,346.049,3543.16
173,2007,CZE,Prague,50.08333333,14.466667,22.213,1.339,348.982,3594.11
174,2008,CZE,Prague,50.08333333,14.466667,20.906,1.332,370.216,3844.55
175,2009,CZE,Prague,50.08333333,14.466667,22.139,1.618,446.076,4658.79
176,2010,CZE,Prague,50.08333333,14.466667,20.418,1.418,392.131,4107.34
177,2011,CZE,Prague,50.08333333,14.466667,20.432,1.426,410.511,4308.76
178,2012,CZE,Prague,50.08333333,14.466667,21.496,1.511,438.857,4612.73
179,2013,CZE,Prague,50.08333333,14.466667,17.932,1.384,421.887,4435.83
180,2014,CZE,Prague,50.08333333,14.466667,17.109,1.293,418.414,4403.95
181,2015,CZE,Prague,50.08333333,14.466667,17.323,1.25,421.663,4446.88
182,1980,DNK,Copenhagen,55.66666667,12.583333,6.301,0.53,52.401,268.45
183,1981,DNK,Copenhagen,55.66666667,12.583333,6.149,0.527,56.595,289.86
184,1982,DNK,Copenhagen,55.66666667,12.583333,6.189,0.534,63.14,323.14
185,1983,DNK,Copenhagen,55.66666667,12.583333,6.407,0.539,68.08,348.18
186,1984,DNK,Copenhagen,55.66666667,12.583333,6.631,0.528,71.996,368.02
187,1985,DNK,Copenhagen,55.66666667,12.583333,6.864,0.546,79.733,407.73
188,1986,DNK,Copenhagen,55.66666667,12.583333,7.276,0.563,87.9,450.09
189,1987,DNK,Copenhagen,55.66666667,12.583333,6.888,0.555,88.986,456.23
190,1988,DNK,Copenhagen,55.66666667,12.583333,7.33,0.6,99.611,510.96
191,1989,DNK,Copenhagen,55.66666667,12.583333,7.023,0.566,98.15,503.76
192,1990,DNK,Copenhagen,55.66666667,12.583333,7.621,0.613,111.578,573.62
193,1991,DNK,Copenhagen,55.66666667,12.583333,8.145,0.647,123.085,634.42
194,1992,DNK,Copenhagen,55.66666667,12.583333,8.123,0.646,127.847,661.14
195,1993,DNK,Copenhagen,55.66666667,12.583333,8.692,0.72,145.443,754.65
196,1994,DNK,Copenhagen,55.66666667,12.583333,9.047,0.731,158.155,823.38
197,1995,DNK,Copenhagen,55.66666667,12.583333,9.329,0.725,164.174,859.18
198,1996,DNK,Copenhagen,55.66666667,12.583333,9.16,0.718,170.275,896.17
199,1997,DNK,Copenhagen,55.66666667,12.583333,9.295,0.72,179.425,948.26
200,1998,DNK,Copenhagen,55.66666667,12.583333,10.367,0.783,201.887,1070.85
201,1999,DNK,Copenhagen,55.66666667,12.583333,9.051,0.755,201.247,1071.0
202,2000,DNK,Copenhagen,55.66666667,12.583333,9.068,0.735,210.487,1123.92
203,2001,DNK,Copenhagen,55.66666667,12.583333,8.983,0.759,224.017,1200.46
204,2002,DNK,Copenhagen,55.66666667,12.583333,9.409,0.819,250.898,1348.81
205,2003,DNK,Copenhagen,55.66666667,12.583333,9.241,0.823,253.303,1365.45
206,2004,DNK,Copenhagen,55.66666667,12.583333,8.921,0.804,264.636,1430.23
207,2005,DNK,Copenhagen,55.66666667,12.583333,8.58,0.78,266.357,1443.5
208,2006,DNK,Copenhagen,55.66666667,12.583333,8.718,0.799,298.291,1621.89
209,2007,DNK,Copenhagen,55.66666667,12.583333,8.886,0.829,322.787,1762.88
210,2008,DNK,Copenhagen,55.66666667,12.583333,8.328,0.792,326.956,1796.17
211,2009,DNK,Copenhagen,55.66666667,12.583333,7.613,0.813,328.132,1812.3
212,2010,DNK,Copenhagen,55.66666667,12.583333,7.696,0.798,344.01,1908.46
213,2011,DNK,Copenhagen,55.66666667,12.583333,7.819,0.797,354.029,1972.14
214,2012,DNK,Copenhagen,55.66666667,12.583333,7.395,0.759,340.25,1902.53
215,2013,DNK,Copenhagen,55.66666667,12.583333,6.896,0.704,329.056,1847.63
216,2014,DNK,Copenhagen,55.66666667,12.583333,6.757,0.693,331.484,1870.72
217,2015,DNK,Copenhagen,55.66666667,12.583333,6.758,0.698,341.823,1942.75
218,1970,FIN,Helsinki,60.16666667,24.933333,13.822,0.689,23.396,107.77
219,1971,FIN,Helsinki,60.16666667,24.933333,14.426,0.763,27.808,128.25
220,1972,FIN,Helsinki,60.16666667,24.933333,14.398,0.775,31.569,146.47
221,1973,FIN,Helsinki,60.16666667,24.933333,13.736,0.718,32.836,153.22
222,1974,FIN,Helsinki,60.16666667,24.933333,13.361,0.691,35.324,165.69
223,1975,FIN,Helsinki,60.16666667,24.933333,12.871,0.727,41.194,194.08
224,1976,FIN,Helsinki,60.16666667,24.933333,12.746,0.763,45.628,215.62
225,1977,FIN,Helsinki,60.16666667,24.933333,12.686,0.785,49.848,236.22
226,1978,FIN,Helsinki,60.16666667,24.933333,12.685,0.778,54.215,257.66
227,1979,FIN,Helsinki,60.16666667,24.933333,11.983,0.717,57.822,275.5
228,1980,FIN,Helsinki,60.16666667,24.933333,11.217,0.663,61.236,292.68
229,1981,FIN,Helsinki,60.16666667,24.933333,10.899,0.658,66.995,321.57
230,1982,FIN,Helsinki,60.16666667,24.933333,10.391,0.637,70.618,340.87
231,1983,FIN,Helsinki,60.16666667,24.933333,10.642,0.662,78.166,379.56
232,1984,FIN,Helsinki,60.16666667,24.933333,10.57,0.662,83.116,405.76
233,1985,FIN,Helsinki,60.16666667,24.933333,10.174,0.677,90.468,443.49
234,1986,FIN,Helsinki,60.16666667,24.933333,10.079,0.681,95.015,467.3
235,1987,FIN,Helsinki,60.16666667,24.933333,10.069,0.694,102.609,506.08
236,1988,FIN,Helsinki,60.16666667,24.933333,9.968,0.668,107.207,530.3
237,1989,FIN,Helsinki,60.16666667,24.933333,9.812,0.661,115.48,573.29
238,1990,FIN,Helsinki,60.16666667,24.933333,9.864,0.715,129.76,647.04
239,1991,FIN,Helsinki,60.16666667,24.933333,10.343,0.86,150.883,756.49
240,1992,FIN,Helsinki,60.16666667,24.933333,11.166,0.951,164.015,826.96
241,1993,FIN,Helsinki,60.16666667,24.933333,12.652,0.991,172.839,875.68
242,1994,FIN,Helsinki,60.16666667,24.933333,13.733,1.0,184.471,938.65
243,1995,FIN,Helsinki,60.16666667,24.933333,14.321,1.053,205.851,1051.44
244,1996,FIN,Helsinki,60.16666667,24.933333,14.875,1.112,223.071,1143.14
245,1997,FIN,Helsinki,60.16666667,24.933333,15.244,1.087,236.623,1216.2
246,1998,FIN,Helsinki,60.16666667,24.933333,14.646,0.999,235.186,1212.03
247,1999,FIN,Helsinki,60.16666667,24.933333,15.566,1.058,262.083,1353.78
248,2000,FIN,Helsinki,60.16666667,24.933333,15.619,1.068,285.448,1477.54
249,2001,FIN,Helsinki,60.16666667,24.933333,16.076,1.123,312.574,1621.64
250,2002,FIN,Helsinki,60.16666667,24.933333,16.247,1.196,341.56,1776.32
251,2003,FIN,Helsinki,60.16666667,24.933333,16.126,1.236,358.157,1867.08
252,2004,FIN,Helsinki,60.16666667,24.933333,16.223,1.264,393.582,2057.71
253,2005,FIN,Helsinki,60.16666667,24.933333,16.109,1.288,412.21,2162.49
254,2006,FIN,Helsinki,60.16666667,24.933333,14.67,1.174,403.756,2126.29
255,2007,FIN,Helsinki,60.16666667,24.933333,14.676,1.149,432.867,2289.31
256,2008,FIN,Helsinki,60.16666667,24.933333,14.585,1.179,471.269,2504.04
257,2009,FIN,Helsinki,60.16666667,24.933333,14.059,1.247,472.342,2521.77
258,2010,FIN,Helsinki,60.16666667,24.933333,13.512,1.198,465.105,2494.52
259,2011,FIN,Helsinki,60.16666667,24.933333,12.919,1.156,470.342,2534.33
260,2012,FIN,Helsinki,60.16666667,24.933333,12.622,1.173,476.358,2578.99
261,2013,FIN,Helsinki,60.16666667,24.933333,12.471,1.184,488.809,2658.62
262,2014,FIN,Helsinki,60.16666667,24.933333,12.327,1.169,485.113,2649.45
263,2015,FIN,Helsinki,60.16666667,24.933333,12.546,1.185,501.003,2745.26
264,1970,FRA,Paris,48.86666667,2.333333,24.413,1.266,47.192,2455.64
265,1975,FRA,Paris,48.86666667,2.333333,20.741,1.273,75.78,4111.26
266,1980,FRA,Paris,48.86666667,2.333333,16.389,1.104,107.277,5936.79
267,1985,FRA,Paris,48.86666667,2.333333,16.577,1.267,167.728,9526.23
268,1990,FRA,Paris,48.86666667,2.333333,17.282,1.375,244.051,14280.11
269,1991,FRA,Paris,48.86666667,2.333333,17.702,1.448,266.943,15632.0
270,1992,FRA,Paris,48.86666667,2.333333,17.619,1.48,282.21,16608.4
271,1993,FRA,Paris,48.86666667,2.333333,18.002,1.586,306.279,18103.16
272,1994,FRA,Paris,48.86666667,2.333333,17.898,1.574,316.56,18780.62
273,1995,FRA,Paris,48.86666667,2.333333,15.393,1.513,316.071,18819.47
274,1996,FRA,Paris,48.86666667,2.333333,15.224,1.497,321.77,19226.75
275,1997,FRA,Paris,48.86666667,2.333333,15.462,1.501,336.182,20159.1
276,1998,FRA,Paris,48.86666667,2.333333,15.872,1.525,358.556,21580.16
277,1999,FRA,Paris,48.86666667,2.333333,16.395,1.576,385.896,23345.44
278,2000,FRA,Paris,48.86666667,2.333333,16.899,1.612,423.358,25787.79
279,2001,FRA,Paris,48.86666667,2.333333,17.333,1.675,464.882,28523.97
280,2002,FRA,Paris,48.86666667,2.333333,17.188,1.716,492.632,30447.25
281,2003,FRA,Paris,48.86666667,2.333333,17.559,1.763,499.545,31094.12
282,2004,FRA,Paris,48.86666667,2.333333,17.63,1.785,522.087,32737.41
283,2005,FRA,Paris,48.86666667,2.333333,17.568,1.788,548.873,34677.44
284,2006,FRA,Paris,48.86666667,2.333333,17.322,1.74,567.916,36131.6
285,2007,FRA,Paris,48.86666667,2.333333,17.21,1.714,587.233,37592.44
286,2008,FRA,Paris,48.86666667,2.333333,17.044,1.722,607.178,39087.08
287,2009,FRA,Paris,48.86666667,2.333333,16.623,1.796,626.498,40538.83
288,2010,FRA,Paris,48.86666667,2.333333,16.358,1.752,633.393,41187.97
289,2011,FRA,Paris,48.86666667,2.333333,16.072,1.724,647.845,42331.99
290,2012,FRA,Paris,48.86666667,2.333333,15.572,1.686,636.86,41816.09
291,2013,FRA,Paris,48.86666667,2.333333,14.995,1.639,649.403,42859.67
292,2014,FRA,Paris,48.86666667,2.333333,15.009,1.666,670.042,44445.2
293,2015,FRA,Paris,48.86666667,2.333333,14.738,1.631,667.551,44474.96
294,1970,DEU,Berlin,52.51666667,13.4,17.002,0.971,44.789,3501.12
295,1971,DEU,Berlin,52.51666667,13.4,16.225,1.004,50.027,3917.76
296,1972,DEU,Berlin,52.51666667,13.4,15.851,1.032,55.594,4374.61
297,1973,DEU,Berlin,52.51666667,13.4,15.289,1.044,61.847,4882.0
298,1974,DEU,Berlin,52.51666667,13.4,14.881,1.094,71.174,5620.43
299,1975,DEU,Berlin,52.51666667,13.4,14.332,1.149,81.25,6392.23
300,1976,DEU,Berlin,52.51666667,13.4,14.234,1.144,89.973,7048.21
301,1977,DEU,Berlin,52.51666667,13.4,13.85,1.104,95.521,7465.9
302,1978,DEU,Berlin,52.51666667,13.4,13.955,1.123,107.207,8371.99
303,1979,DEU,Berlin,52.51666667,13.4,13.881,1.096,117.938,9214.07
304,1980,DEU,Berlin,52.51666667,13.4,13.895,1.125,133.445,10447.22
305,1981,DEU,Berlin,52.51666667,13.4,13.98,1.174,152.687,11971.87
306,1982,DEU,Berlin,52.51666667,13.4,13.99,1.151,158.52,12417.41
307,1983,DEU,Berlin,52.51666667,13.4,14.21,1.168,170.399,13312.98
308,1984,DEU,Berlin,52.51666667,13.4,14.27,1.19,185.523,14444.58
309,1985,DEU,Berlin,52.51666667,13.4,14.302,1.213,200.236,15555.31
310,1986,DEU,Berlin,52.51666667,13.4,14.357,1.203,206.996,16087.82
311,1987,DEU,Berlin,52.51666667,13.4,14.592,1.237,221.093,17209.86
312,1988,DEU,Berlin,52.51666667,13.4,14.634,1.267,241.921,18904.82
313,1989,DEU,Berlin,52.51666667,13.4,14.819,1.195,243.328,19162.39
314,1990,DEU,Berlin,52.51666667,13.4,14.709,1.181,258.39,20524.7
315,1992,DEU,Berlin,52.51666667,13.4,15.365,1.388,301.102,24276.23
316,1993,DEU,Berlin,52.51666667,13.4,13.771,1.239,271.19,22008.79
317,1994,DEU,Berlin,52.51666667,13.4,13.388,1.236,282.377,22996.32
318,1995,DEU,Berlin,52.51666667,13.4,13.176,1.253,296.636,24228.65
319,1996,DEU,Berlin,52.51666667,13.4,13.456,1.318,319.619,26181.54
320,1997,DEU,Berlin,52.51666667,13.4,13.439,1.301,322.366,26445.22
321,1998,DEU,Berlin,52.51666667,13.4,13.956,1.354,345.877,28378.24
322,1999,DEU,Berlin,52.51666667,13.4,13.996,1.367,363.37,29832.77
323,2000,DEU,Berlin,52.51666667,13.4,14.082,1.386,381.455,31359.99
324,2001,DEU,Berlin,52.51666667,13.4,14.692,1.451,418.329,34449.36
325,2002,DEU,Berlin,52.51666667,13.4,14.916,1.51,447.719,36931.67
326,2003,DEU,Berlin,52.51666667,13.4,14.936,1.547,469.542,38753.26
327,2004,DEU,Berlin,52.51666667,13.4,14.348,1.454,462.927,38199.0
328,2005,DEU,Berlin,52.51666667,13.4,15.387,1.581,512.48,42263.93
329,2006,DEU,Berlin,52.51666667,13.4,14.983,1.518,527.646,43465.6
330,2007,DEU,Berlin,52.51666667,13.4,15.321,1.53,566.139,46574.2
331,2008,DEU,Berlin,52.51666667,13.4,15.339,1.562,603.742,49573.31
332,2009,DEU,Berlin,52.51666667,13.4,15.207,1.698,640.783,52481.61
333,2010,DEU,Berlin,52.51666667,13.4,14.968,1.652,660.571,54019.47
334,2011,DEU,Berlin,52.51666667,13.4,14.255,1.532,654.053,52504.09
335,2012,DEU,Berlin,52.51666667,13.4,14.102,1.524,663.777,53384.81
336,2013,DEU,Berlin,52.51666667,13.4,13.995,1.535,694.318,55993.7
337,2014,DEU,Berlin,52.51666667,13.4,14.359,1.587,746.704,60469.96
338,2015,DEU,Berlin,52.51666667,13.4,14.31,1.596,765.97,62569.49
339,1988,GRC,Athens,37.98333333,23.733333,15.393,0.844,101.924,1023.01
340,1989,GRC,Athens,37.98333333,23.733333,14.147,0.851,110.191,1111.77
341,1990,GRC,Athens,37.98333333,23.733333,14.942,0.907,120.531,1229.03
342,1991,GRC,Athens,37.98333333,23.733333,17.082,1.012,141.532,1460.6
343,1992,GRC,Athens,37.98333333,23.733333,17.802,1.154,164.945,1715.27
344,1993,GRC,Athens,37.98333333,23.733333,17.283,1.257,179.964,1882.5
345,1994,GRC,Athens,37.98333333,23.733333,16.73,1.335,198.096,2082.57
346,1995,GRC,Athens,37.98333333,23.733333,16.305,1.3,200.21,2114.65
347,1996,GRC,Athens,37.98333333,23.733333,16.693,1.315,212.121,2250.35
348,1997,GRC,Athens,37.98333333,23.733333,16.871,1.298,222.511,2372.25
349,1998,GRC,Athens,37.98333333,23.733333,14.475,1.097,197.608,2118.46
350,1999,GRC,Athens,37.98333333,23.733333,15.079,1.171,216.13,2325.93
351,2000,GRC,Athens,37.98333333,23.733333,19.871,1.439,280.723,3033.44
352,2001,GRC,Athens,37.98333333,23.733333,19.075,1.524,320.158,3477.6
353,2002,GRC,Athens,37.98333333,23.733333,19.949,1.643,371.489,4049.98
354,2003,GRC,Athens,37.98333333,23.733333,21.388,1.753,418.525,4573.67
355,2004,GRC,Athens,37.98333333,23.733333,23.038,1.827,465.174,5096.05
356,2005,GRC,Athens,37.98333333,23.733333,22.338,2.01,514.01,5647.59
357,2006,GRC,Athens,37.98333333,23.733333,23.613,2.117,604.089,6657.28
358,2007,GRC,Athens,37.98333333,23.733333,25.798,2.337,684.401,7561.59
359,2009,GRC,Athens,37.98333333,23.733333,27.171,2.573,782.011,8685.81
360,2010,GRC,Athens,37.98333333,23.733333,28.633,2.737,771.997,8585.64
361,2011,GRC,Athens,37.98333333,23.733333,30.742,2.797,731.159,8119.45
362,2012,GRC,Athens,37.98333333,23.733333,29.055,2.55,644.747,7121.24
363,2013,GRC,Athens,37.98333333,23.733333,27.742,2.312,603.509,6617.6
364,2014,GRC,Athens,37.98333333,23.733333,26.701,2.12,560.435,6104.49
365,2015,GRC,Athens,37.98333333,23.733333,25.878,2.17,571.913,6188.6
366,1991,HUN,Budapest,47.5,19.083333,30.084,1.918,158.865,1647.97
367,1992,HUN,Budapest,47.5,19.083333,28.857,1.981,162.754,1687.65
368,1993,HUN,Budapest,47.5,19.083333,30.694,2.127,178.094,1844.61
369,1994,HUN,Budapest,47.5,19.083333,30.348,2.248,198.12,2049.23
370,1995,HUN,Budapest,47.5,19.083333,26.713,1.802,164.765,1701.85
371,1996,HUN,Budapest,47.5,19.083333,27.273,1.816,169.22,1744.87
372,1997,HUN,Budapest,47.5,19.083333,27.639,1.747,171.035,1760.03
373,2001,HUN,Budapest,47.5,19.083333,29.674,2.028,268.268,2733.0
374,2002,HUN,Budapest,47.5,19.083333,28.947,2.063,299.439,3041.88
375,2003,HUN,Budapest,47.5,19.083333,27.593,2.247,346.433,3509.21
376,2004,HUN,Budapest,47.5,19.083333,29.108,2.267,367.309,3712.45
377,2005,HUN,Budapest,47.5,19.083333,31.27,2.511,427.151,4308.7
378,2006,HUN,Budapest,47.5,19.083333,31.981,2.507,457.09,4603.52
379,2007,HUN,Budapest,47.5,19.083333,31.617,2.294,434.32,4367.43
380,2008,HUN,Budapest,47.5,19.083333,31.912,2.277,468.726,4705.16
381,2009,HUN,Budapest,47.5,19.083333,32.863,2.394,492.437,4935.52
382,2010,HUN,Budapest,47.5,19.083333,33.273,2.515,539.855,5398.56
383,2011,HUN,Budapest,47.5,19.083333,35.001,2.653,603.042,6013.37
384,2012,HUN,Budapest,47.5,19.083333,32.579,2.443,561.746,5572.72
385,2013,HUN,Budapest,47.5,19.083333,30.293,2.208,537.976,5322.24
386,2014,HUN,Budapest,47.5,19.083333,30.173,2.155,549.292,5419.57
387,2015,HUN,Budapest,47.5,19.083333,29.215,2.114,558.878,5501.05
388,1970,ISL,Reykjavik,64.15,-21.95,17.13,0.792,30.757,6.29
389,1971,ISL,Reykjavik,64.15,-21.95,17.31,0.874,40.03,8.25
390,1972,ISL,Reykjavik,64.15,-21.95,17.838,0.883,44.143,9.23
391,1973,ISL,Reykjavik,64.15,-21.95,16.597,0.753,41.747,8.86
392,1974,ISL,Reykjavik,64.15,-21.95,13.78,0.714,44.978,9.68
393,1975,ISL,Reykjavik,64.15,-21.95,16.23,0.908,62.126,13.54
394,1976,ISL,Reykjavik,64.15,-21.95,14.845,0.779,59.009,12.99
395,1977,ISL,Reykjavik,64.15,-21.95,14.553,0.757,65.7,14.57
396,1978,ISL,Reykjavik,64.15,-21.95,14.505,0.811,79.316,17.73
397,1979,ISL,Reykjavik,64.15,-21.95,13.522,0.855,93.934,21.2
398,1980,ISL,Reykjavik,64.15,-21.95,16.628,0.973,122.026,27.84
399,1981,ISL,Reykjavik,64.15,-21.95,15.576,0.932,131.624,30.37
400,1982,ISL,Reykjavik,64.15,-21.95,16.104,1.009,152.618,35.69
401,1983,ISL,Reykjavik,64.15,-21.95,18.211,1.251,189.941,45.01
402,1984,ISL,Reykjavik,64.15,-21.95,17.058,1.105,178.928,42.86
403,1985,ISL,Reykjavik,64.15,-21.95,17.414,1.168,200.058,48.3
404,1986,ISL,Reykjavik,64.15,-21.95,16.508,1.182,217.823,52.97
405,1987,ISL,Reykjavik,64.15,-21.95,15.35,1.125,228.429,56.16
406,1988,ISL,Reykjavik,64.15,-21.95,14.692,1.162,240.078,59.96
407,1989,ISL,Reykjavik,64.15,-21.95,15.347,1.187,252.262,63.78
408,1990,ISL,Reykjavik,64.15,-21.95,13.98,1.032,228.449,58.21
409,1991,ISL,Reykjavik,64.15,-21.95,12.775,0.966,217.79,56.15
410,1992,ISL,Reykjavik,64.15,-21.95,13.313,1.033,227.372,59.36
411,1993,ISL,Reykjavik,64.15,-21.95,12.78,1.003,226.653,59.77
412,1994,ISL,Reykjavik,64.15,-21.95,13.419,1.03,244.128,64.94
413,1995,ISL,Reykjavik,64.15,-21.95,13.794,1.076,259.171,69.32
414,1996,ISL,Reykjavik,64.15,-21.95,14.277,1.118,279.501,75.16
415,1997,ISL,Reykjavik,64.15,-21.95,15.489,1.198,322.933,87.56
416,1998,ISL,Reykjavik,64.15,-21.95,14.498,1.232,352.048,96.48
417,1999,ISL,Reykjavik,64.15,-21.95,14.402,1.282,376.679,104.48
418,2000,ISL,Reykjavik,64.15,-21.95,14.832,1.336,394.133,110.83
419,2001,ISL,Reykjavik,64.15,-21.95,14.384,1.277,403.914,115.1
420,2002,ISL,Reykjavik,64.15,-21.95,14.366,1.377,443.416,127.49
421,2003,ISL,Reykjavik,64.15,-21.95,15.241,1.536,496.023,143.61
422,2004,ISL,Reykjavik,64.15,-21.95,15.39,1.471,519.038,151.6
423,2005,ISL,Reykjavik,64.15,-21.95,14.433,1.33,491.556,145.86
424,2006,ISL,Reykjavik,64.15,-21.95,14.218,1.268,491.067,149.18
425,2007,ISL,Reykjavik,64.15,-21.95,13.505,1.178,479.64,149.44
426,2008,ISL,Reykjavik,64.15,-21.95,14.572,1.27,542.052,172.05
427,2009,ISL,Reykjavik,64.15,-21.95,15.665,1.419,582.697,185.59
428,2010,ISL,Reykjavik,64.15,-21.95,15.813,1.393,535.019,170.16
429,2011,ISL,Reykjavik,64.15,-21.95,15.148,1.309,516.634,164.81
430,2012,ISL,Reykjavik,64.15,-21.95,14.454,1.256,508.582,163.11
431,2013,ISL,Reykjavik,64.15,-21.95,13.531,1.177,501.667,162.42
432,2014,ISL,Reykjavik,64.15,-21.95,12.581,1.105,489.466,160.24
433,2015,ISL,Reykjavik,64.15,-21.95,12.126,1.044,497.84,164.69
434,1975,IRL,Dublin,53.31666667,-6.233333,14.749,0.973,38.758,123.62
435,1976,IRL,Dublin,53.31666667,-6.233333,14.869,0.957,40.184,130.12
436,1977,IRL,Dublin,53.31666667,-6.233333,14.717,0.903,42.979,141.07
437,1978,IRL,Dublin,53.31666667,-6.233333,14.189,0.917,49.346,164.28
438,1979,IRL,Dublin,53.31666667,-6.233333,13.191,0.897,53.145,179.3
439,1980,IRL,Dublin,53.31666667,-6.233333,11.707,0.878,57.809,197.29
440,1981,IRL,Dublin,53.31666667,-6.233333,10.527,0.747,54.904,189.58
441,1982,IRL,Dublin,53.31666667,-6.233333,10.546,0.733,57.985,202.12
442,1983,IRL,Dublin,53.31666667,-6.233333,10.115,0.705,57.469,201.75
443,1984,IRL,Dublin,53.31666667,-6.233333,10.509,0.716,62.663,221.35
444,1985,IRL,Dublin,53.31666667,-6.233333,10.539,0.72,66.917,236.76
445,1986,IRL,Dublin,53.31666667,-6.233333,11.044,0.744,70.226,248.58
446,1987,IRL,Dublin,53.31666667,-6.233333,11.546,0.744,75.344,266.72
447,1988,IRL,Dublin,53.31666667,-6.233333,12.019,0.737,81.637,287.77
448,1989,IRL,Dublin,53.31666667,-6.233333,12.994,0.748,91.424,320.99
449,1990,IRL,Dublin,53.31666667,-6.233333,12.777,0.717,98.423,345.86
450,1991,IRL,Dublin,53.31666667,-6.233333,11.995,0.727,104.543,369.48
451,1992,IRL,Dublin,53.31666667,-6.233333,11.891,0.752,113.484,403.82
452,1993,IRL,Dublin,53.31666667,-6.233333,11.968,0.762,120.429,430.69
453,1994,IRL,Dublin,53.31666667,-6.233333,12.097,0.758,128.871,462.7
454,1995,IRL,Dublin,53.31666667,-6.233333,12.044,0.735,139.028,501.73
455,1996,IRL,Dublin,53.31666667,-6.233333,12.882,0.763,156.317,568.6
456,1997,IRL,Dublin,53.31666667,-6.233333,12.558,0.734,165.977,609.83
457,1998,IRL,Dublin,53.31666667,-6.233333,13.213,0.745,186.457,692.26
458,1999,IRL,Dublin,53.31666667,-6.233333,13.97,0.78,210.83,791.62
459,2000,IRL,Dublin,53.31666667,-6.233333,14.176,0.837,252.441,960.58
460,2001,IRL,Dublin,53.31666667,-6.233333,14.435,0.924,301.335,1165.03
461,2002,IRL,Dublin,53.31666667,-6.233333,14.779,0.987,347.346,1365.75
462,2003,IRL,Dublin,53.31666667,-6.233333,15.088,1.057,383.182,1531.39
463,2004,IRL,Dublin,53.31666667,-6.233333,15.655,1.131,437.694,1781.53
464,2005,IRL,Dublin,53.31666667,-6.233333,15.473,1.183,478.511,1990.56
465,2006,IRL,Dublin,53.31666667,-6.233333,16.465,1.237,547.146,2338.28
466,2007,IRL,Dublin,53.31666667,-6.233333,16.356,1.276,596.486,2623.91
467,2008,IRL,Dublin,53.31666667,-6.233333,15.953,1.453,643.036,2886.94
468,2009,IRL,Dublin,53.31666667,-6.233333,15.135,1.591,661.276,2999.13
469,2010,IRL,Dublin,53.31666667,-6.233333,14.815,1.562,674.956,3077.9
470,2011,IRL,Dublin,53.31666667,-6.233333,14.415,1.432,651.311,2980.92
471,2012,IRL,Dublin,53.31666667,-6.233333,14.091,1.418,659.933,3027.04
472,2013,IRL,Dublin,53.31666667,-6.233333,14.513,1.512,730.484,3358.98
473,2014,IRL,Dublin,53.31666667,-6.233333,14.064,1.394,714.747,3300.15
474,2015,IRL,Dublin,53.31666667,-6.233333,12.97,1.007,684.269,3200.21
475,1988,ITA,Rome,41.9,12.483333,23.07,1.539,251.631,14249.68
476,1989,ITA,Rome,41.9,12.483333,23.294,1.551,272.149,15423.17
477,1990,ITA,Rome,41.9,12.483333,21.43,1.503,278.813,15814.06
478,1991,ITA,Rome,41.9,12.483333,20.922,1.517,294.948,16740.81
479,1992,ITA,Rome,41.9,12.483333,21.474,1.529,306.334,17398.88
480,1993,ITA,Rome,41.9,12.483333,20.351,1.442,293.246,16665.7
481,1994,ITA,Rome,41.9,12.483333,20.117,1.395,295.781,16813.2
482,1995,ITA,Rome,41.9,12.483333,19.534,1.342,298.92,16991.9
483,1996,ITA,Rome,41.9,12.483333,19.968,1.39,319.386,18160.38
484,1997,ITA,Rome,41.9,12.483333,20.183,1.458,347.054,19744.03
485,1998,ITA,Rome,41.9,12.483333,20.643,1.5,373.922,21278.68
486,1999,ITA,Rome,41.9,12.483333,21.177,1.554,396.645,22575.57
487,2000,ITA,Rome,41.9,12.483333,21.158,1.604,433.143,24664.08
488,2001,ITA,Rome,41.9,12.483333,21.92,1.703,476.761,27163.03
489,2002,ITA,Rome,41.9,12.483333,21.865,1.726,494.302,28204.38
490,2003,ITA,Rome,41.9,12.483333,21.375,1.679,488.266,27984.09
491,2004,ITA,Rome,41.9,12.483333,20.996,1.719,506.591,29222.87
492,2005,ITA,Rome,41.9,12.483333,20.37,1.703,511.842,29671.22
493,2006,ITA,Rome,41.9,12.483333,20.124,1.702,550.732,32021.75
494,2007,ITA,Rome,41.9,12.483333,20.002,1.633,554.861,32425.14
495,2008,ITA,Rome,41.9,12.483333,19.185,1.643,581.535,34209.8
496,2009,ITA,Rome,41.9,12.483333,18.964,1.702,588.13,34755.76
497,2010,ITA,Rome,41.9,12.483333,18.75,1.679,588.861,34906.16
498,2011,ITA,Rome,41.9,12.483333,18.544,1.638,595.488,35359.75
499,2012,ITA,Rome,41.9,12.483333,16.571,1.484,537.784,32019.51
500,2013,ITA,Rome,41.9,12.483333,16.98,1.52,549.218,33081.57
501,2014,ITA,Rome,41.9,12.483333,16.944,1.527,554.181,33688.19
502,2015,ITA,Rome,41.9,12.483333,17.932,1.613,601.018,36500.17
503,2016,ITA,Rome,41.9,12.483333,17.831,1.594,604.675,36643.66
504,1980,JPN,Tokyo,35.68333333,139.75,21.181,1.33,115.359,13471.85
505,1984,JPN,Tokyo,35.68333333,139.75,19.458,1.247,152.536,18307.07
506,1985,JPN,Tokyo,35.68333333,139.75,17.973,1.163,155.171,18737.52
507,1986,JPN,Tokyo,35.68333333,139.75,18.892,1.214,169.011,20533.48
508,1987,JPN,Tokyo,35.68333333,139.75,20.271,1.305,192.985,23561.73
509,1988,JPN,Tokyo,35.68333333,139.75,20.631,1.268,207.202,25405.66
510,1989,JPN,Tokyo,35.68333333,139.75,22.319,1.317,234.663,28890.77
511,1990,JPN,Tokyo,35.68333333,139.75,21.422,1.23,239.226,29553.26
512,1991,JPN,Tokyo,35.68333333,139.75,22.868,1.323,273.505,33893.01
513,1992,JPN,Tokyo,35.68333333,139.75,22.009,1.33,282.452,35088.73
514,1993,JPN,Tokyo,35.68333333,139.75,22.255,1.405,305.192,38007.39
515,1994,JPN,Tokyo,35.68333333,139.75,21.057,1.386,309.352,38656.94
516,1995,JPN,Tokyo,35.68333333,139.75,21.039,1.322,309.164,38781.22
517,1996,JPN,Tokyo,35.68333333,139.75,21.039,1.288,315.832,39718.08
518,1997,JPN,Tokyo,35.68333333,139.75,19.496,1.248,313.426,39509.54
519,1998,JPN,Tokyo,35.68333333,139.75,17.942,1.187,297.259,37573.54
520,1999,JPN,Tokyo,35.68333333,139.75,18.152,1.266,320.554,40592.07
521,2000,JPN,Tokyo,35.68333333,139.75,18.406,1.316,352.442,44704.8
522,2001,JPN,Tokyo,35.68333333,139.75,18.859,1.388,380.919,48433.47
523,2002,JPN,Tokyo,35.68333333,139.75,18.64,1.393,392.312,49998.2
524,2003,JPN,Tokyo,35.68333333,139.75,19.527,1.486,429.378,54839.3
525,2004,JPN,Tokyo,35.68333333,139.75,19.459,1.49,452.975,57872.54
526,2005,JPN,Tokyo,35.68333333,139.75,19.794,1.54,487.681,62312.46
527,2006,JPN,Tokyo,35.68333333,139.75,19.789,1.545,510.598,65282.0
528,2007,JPN,Tokyo,35.68333333,139.75,19.972,1.576,544.008,69633.57
529,2008,JPN,Tokyo,35.68333333,139.75,19.9,1.632,567.72,72703.93
530,2009,JPN,Tokyo,35.68333333,139.75,20.982,1.901,629.162,80562.31
531,2010,JPN,Tokyo,35.68333333,139.75,20.473,1.875,656.131,84030.7
532,2011,JPN,Tokyo,35.68333333,139.75,18.911,2.008,718.256,91816.82
533,2012,JPN,Tokyo,35.68333333,139.75,18.887,2.038,758.189,96766.9
534,2013,JPN,Tokyo,35.68333333,139.75,18.854,2.035,793.169,101085.42
535,2014,JPN,Tokyo,35.68333333,139.75,18.803,2.037,802.733,102168.65
536,1970,KOR,Seoul,37.55,126.983333,21.38,0.551,3.336,107.56
537,1971,KOR,Seoul,37.55,126.983333,20.492,0.459,3.16,103.91
538,1972,KOR,Seoul,37.55,126.983333,20.99,0.428,3.237,108.46
539,1973,KOR,Seoul,37.55,126.983333,20.916,0.366,3.289,112.17
540,1974,KOR,Seoul,37.55,126.983333,20.773,0.316,3.331,115.56
541,1975,KOR,Seoul,37.55,126.983333,21.112,0.487,5.949,209.89
542,1976,KOR,Seoul,37.55,126.983333,21.513,0.502,7.199,258.07
543,1977,KOR,Seoul,37.55,126.983333,20.923,0.463,7.803,284.12
544,1978,KOR,Seoul,37.55,126.983333,21.374,0.514,10.113,373.87
545,1979,KOR,Seoul,37.55,126.983333,21.569,0.676,15.4,578.03
546,1980,KOR,Seoul,37.55,126.983333,21.476,0.743,17.856,680.74
547,1981,KOR,Seoul,37.55,126.983333,21.927,0.789,21.873,846.99
548,1982,KOR,Seoul,37.55,126.983333,21.933,0.78,24.489,963.06
549,1983,KOR,Seoul,37.55,126.983333,21.959,0.757,27.584,1100.89
550,1984,KOR,Seoul,37.55,126.983333,21.69,0.711,29.258,1182.2
551,1985,KOR,Seoul,37.55,126.983333,21.788,0.723,32.732,1335.65
552,1986,KOR,Seoul,37.55,126.983333,21.817,0.696,35.443,1460.74
553,1987,KOR,Seoul,37.55,126.983333,21.843,0.679,39.471,1642.85
554,1988,KOR,Seoul,37.55,126.983333,21.54,0.699,46.594,1958.4
555,1989,KOR,Seoul,37.55,126.983333,21.901,0.817,59.994,2546.69
556,1990,KOR,Seoul,37.55,126.983333,21.635,0.796,65.887,2824.53
557,1991,KOR,Seoul,37.55,126.983333,21.727,0.765,71.465,3094.13
558,1992,KOR,Seoul,37.55,126.983333,21.187,0.772,77.531,3391.82
559,1993,KOR,Seoul,37.55,126.983333,21.812,0.776,84.383,3729.28
560,1994,KOR,Seoul,37.55,126.983333,22.391,0.769,92.316,4121.13
561,1995,KOR,Seoul,37.55,126.983333,22.834,0.786,104.456,4710.23
562,1996,KOR,Seoul,37.55,126.983333,23.041,0.835,120.499,5485.68
563,1997,KOR,Seoul,37.55,126.983333,22.989,0.829,127.733,5869.79
564,1998,KOR,Seoul,37.55,126.983333,22.373,0.837,122.339,5662.64
565,1999,KOR,Seoul,37.55,126.983333,22.44,0.885,145.054,6761.94
566,2000,KOR,Seoul,37.55,126.983333,24.454,0.978,176.815,8311.74
567,2001,KOR,Seoul,37.55,126.983333,26.752,1.211,232.254,11001.91
568,2002,KOR,Seoul,37.55,126.983333,27.015,1.182,245.612,11702.12
569,2003,KOR,Seoul,37.55,126.983333,29.38,1.397,298.593,14300.31
570,2004,KOR,Seoul,37.55,126.983333,29.254,1.397,320.678,15419.01
571,2005,KOR,Seoul,37.55,126.983333,28.402,1.443,349.272,16829.52
572,2006,KOR,Seoul,37.55,126.983333,28.304,1.556,401.881,19466.43
573,2007,KOR,Seoul,37.55,126.983333,27.062,1.532,426.283,20753.01
574,2008,KOR,Seoul,37.55,126.983333,26.569,1.546,442.9,21726.33
575,2009,KOR,Seoul,37.55,126.983333,26.122,1.662,470.691,23208.75
576,2010,KOR,Seoul,37.55,126.983333,26.205,1.705,517.801,25659.17
577,2011,KOR,Seoul,37.55,126.983333,25.755,1.689,527.496,26341.38
578,2012,KOR,Seoul,37.55,126.983333,24.809,1.669,535.718,26892.96
579,2013,KOR,Seoul,37.55,126.983333,23.622,1.631,531.999,26828.12
580,2014,KOR,Seoul,37.55,126.983333,22.87,1.629,548.01,27809.68
581,2015,KOR,Seoul,37.55,126.983333,21.427,1.584,543.152,27708.87
582,2016,KOR,Seoul,37.55,126.983333,20.235,1.553,552.176,28296.65
583,1995,LUX,Luxembourg,49.6,6.116667,12.038,0.642,267.785,109.42
584,1996,LUX,Luxembourg,49.6,6.116667,11.524,0.616,268.172,111.08
585,1997,LUX,Luxembourg,49.6,6.116667,12.647,0.664,299.201,125.5
586,1998,LUX,Luxembourg,49.6,6.116667,12.309,0.668,311.45,132.27
587,1999,LUX,Luxembourg,49.6,6.116667,11.965,0.661,350.872,151.04
588,2000,LUX,Luxembourg,49.6,6.116667,11.036,0.651,375.816,163.97
589,2001,LUX,Luxembourg,49.6,6.116667,10.958,0.702,409.75,180.91
590,2002,LUX,Luxembourg,49.6,6.116667,10.879,0.733,448.58,200.15
591,2003,LUX,Luxembourg,49.6,6.116667,10.965,0.764,478.191,215.97
592,2004,LUX,Luxembourg,49.6,6.116667,10.412,0.765,510.874,234.03
593,2005,LUX,Luxembourg,49.6,6.116667,10.208,0.733,523.189,243.37
594,2006,LUX,Luxembourg,49.6,6.116667,10.198,0.684,560.575,264.95
595,2007,LUX,Luxembourg,49.6,6.116667,10.673,0.665,588.312,282.39
596,2008,LUX,Luxembourg,49.6,6.116667,10.226,0.669,611.498,298.81
597,2009,LUX,Luxembourg,49.6,6.116667,9.86,0.724,630.377,313.79
598,2010,LUX,Luxembourg,49.6,6.116667,9.668,0.68,617.448,313.02
599,2011,LUX,Luxembourg,49.6,6.116667,8.877,0.543,529.962,274.7
600,2012,LUX,Luxembourg,49.6,6.116667,8.56,0.563,548.101,291.01
601,2013,LUX,Luxembourg,49.6,6.116667,8.424,0.552,563.787,306.34
602,2014,LUX,Luxembourg,49.6,6.116667,8.192,0.513,561.164,312.19
603,2015,LUX,Luxembourg,49.6,6.116667,8.601,0.52,586.428,334.03
604,1999,MEX,Mexico City,19.43333333,-99.133333,18.935,0.931,85.022,8527.76
605,2000,MEX,Mexico City,19.43333333,-99.133333,19.936,0.968,96.569,9822.97
606,2001,MEX,Mexico City,19.43333333,-99.133333,19.889,1.045,105.263,10849.15
607,2002,MEX,Mexico City,19.43333333,-99.133333,21.64,1.17,120.726,12598.44
608,2003,MEX,Mexico City,19.43333333,-99.133333,35.894,2.134,230.651,24366.08
609,2004,MEX,Mexico City,19.43333333,-99.133333,35.048,2.12,242.481,25944.4
610,2005,MEX,Mexico City,19.43333333,-99.133333,35.603,2.108,260.194,28223.82
611,2006,MEX,Mexico City,19.43333333,-99.133333,34.725,1.984,267.984,29503.0
612,2007,MEX,Mexico City,19.43333333,-99.133333,33.928,1.974,279.012,31203.68
613,2008,MEX,Mexico City,19.43333333,-99.133333,33.143,1.904,280.672,31901.69
614,2009,MEX,Mexico City,19.43333333,-99.133333,32.454,2.004,288.566,33330.88
615,2010,MEX,Mexico City,19.43333333,-99.133333,31.497,1.896,287.049,33676.28
616,2011,MEX,Mexico City,19.43333333,-99.133333,28.201,1.623,265.79,31652.94
617,2012,MEX,Mexico City,19.43333333,-99.133333,28.765,1.704,289.344,34960.95
618,2013,MEX,Mexico City,19.43333333,-99.133333,27.35,1.645,283.955,34794.7
619,2014,MEX,Mexico City,19.43333333,-99.133333,27.011,1.537,277.229,34437.83
620,2015,MEX,Mexico City,19.43333333,-99.133333,27.201,1.595,286.825,36108.67
621,1972,NLD,Amsterdam,52.35,4.916667,11.687,0.661,33.085,440.98
622,1973,NLD,Amsterdam,52.35,4.916667,11.175,0.637,35.249,473.72
623,1974,NLD,Amsterdam,52.35,4.916667,10.327,0.609,37.995,514.64
624,1975,NLD,Amsterdam,52.35,4.916667,9.894,0.617,41.766,570.79
625,1976,NLD,Amsterdam,52.35,4.916667,9.525,0.588,43.654,601.29
626,1977,NLD,Amsterdam,52.35,4.916667,9.183,0.575,45.94,636.55
627,1978,NLD,Amsterdam,52.35,4.916667,8.954,0.571,49.667,692.44
628,1979,NLD,Amsterdam,52.35,4.916667,8.645,0.566,53.934,757.14
629,1980,NLD,Amsterdam,52.35,4.916667,8.412,0.555,59.091,836.13
630,1981,NLD,Amsterdam,52.35,4.916667,8.378,0.56,64.284,915.87
631,1982,NLD,Amsterdam,52.35,4.916667,8.651,0.598,71.663,1025.69
632,1983,NLD,Amsterdam,52.35,4.916667,8.547,0.591,74.834,1075.15
633,1984,NLD,Amsterdam,52.35,4.916667,9.244,0.614,82.585,1191.22
634,1985,NLD,Amsterdam,52.35,4.916667,9.595,0.636,90.174,1306.77
635,1986,NLD,Amsterdam,52.35,4.916667,9.969,0.67,98.99,1442.51
636,1987,NLD,Amsterdam,52.35,4.916667,10.399,0.71,108.992,1598.37
637,1988,NLD,Amsterdam,52.35,4.916667,10.472,0.707,115.517,1705.04
638,1989,NLD,Amsterdam,52.35,4.916667,9.973,0.69,121.613,1805.82
639,1990,NLD,Amsterdam,52.35,4.916667,10.168,0.72,136.103,2034.95
640,1991,NLD,Amsterdam,52.35,4.916667,10.144,0.737,146.213,2203.4
641,1992,NLD,Amsterdam,52.35,4.916667,10.996,0.822,168.349,2556.24
642,1993,NLD,Amsterdam,52.35,4.916667,11.522,0.872,184.053,2814.24
643,1994,NLD,Amsterdam,52.35,4.916667,11.406,0.85,187.466,2883.76
644,1995,NLD,Amsterdam,52.35,4.916667,11.65,0.858,198.145,3063.12
645,1996,NLD,Amsterdam,52.35,4.916667,11.627,0.848,205.342,3189.06
646,1997,NLD,Amsterdam,52.35,4.916667,11.499,0.817,210.01,3278.39
647,1998,NLD,Amsterdam,52.35,4.916667,11.76,0.844,230.684,3623.4
648,1999,NLD,Amsterdam,52.35,4.916667,12.003,0.862,249.383,3943.27
649,2000,NLD,Amsterdam,52.35,4.916667,12.285,0.867,273.687,4358.61
650,2001,NLD,Amsterdam,52.35,4.916667,12.232,0.91,299.575,4807.03
651,2002,NLD,Amsterdam,52.35,4.916667,12.018,0.956,324.925,5247.19
652,2005,NLD,Amsterdam,52.35,4.916667,11.139,1.033,384.808,6280.02
653,2006,NLD,Amsterdam,52.35,4.916667,10.857,0.997,404.948,6619.32
654,2007,NLD,Amsterdam,52.35,4.916667,11.004,1.016,441.76,7236.78
655,2008,NLD,Amsterdam,52.35,4.916667,10.33,0.982,450.402,7407.13
656,2009,NLD,Amsterdam,52.35,4.916667,9.983,1.022,450.574,7448.16
657,2010,NLD,Amsterdam,52.35,4.916667,9.817,1.021,455.318,7565.29
658,2011,NLD,Amsterdam,52.35,4.916667,9.53,1.003,461.879,7710.18
659,2012,NLD,Amsterdam,52.35,4.916667,8.277,0.903,421.533,7062.77
660,2013,NLD,Amsterdam,52.35,4.916667,7.757,0.845,411.405,6913.43
661,2014,NLD,Amsterdam,52.35,4.916667,7.638,0.829,406.47,6855.12
662,2015,NLD,Amsterdam,52.35,4.916667,7.865,0.841,416.594,7057.07
663,2016,NLD,Amsterdam,52.35,4.916667,8.024,0.843,432.136,7354.27
664,1971,NZL,Wellington,-41.3,174.783333,11.429,0.583,24.598,70.18
665,1976,NZL,Wellington,-41.3,174.783333,10.638,0.645,41.718,129.76
666,1980,NZL,Wellington,-41.3,174.783333,11.865,0.681,57.334,178.48
667,1981,NZL,Wellington,-41.3,174.783333,10.843,0.614,58.022,181.31
668,1982,NZL,Wellington,-41.3,174.783333,11.429,0.663,68.157,215.11
669,1983,NZL,Wellington,-41.3,174.783333,11.962,0.676,74.818,239.37
670,1984,NZL,Wellington,-41.3,174.783333,12.433,0.668,80.7,260.43
671,1985,NZL,Wellington,-41.3,174.783333,13.308,0.657,81.54,264.77
672,1986,NZL,Wellington,-41.3,174.783333,14.491,0.73,95.976,311.57
673,1987,NZL,Wellington,-41.3,174.783333,14.699,0.819,109.193,357.54
674,1988,NZL,Wellington,-41.3,174.783333,14.213,0.871,119.077,390.98
675,1989,NZL,Wellington,-41.3,174.783333,14.344,0.9,128.515,424.0
676,1990,NZL,Wellington,-41.3,174.783333,13.751,0.917,133.933,445.97
677,1991,NZL,Wellington,-41.3,174.783333,14.071,0.999,145.548,508.7
678,1992,NZL,Wellington,-41.3,174.783333,14.218,1.028,153.303,541.42
679,1993,NZL,Wellington,-41.3,174.783333,14.854,1.029,164.199,586.55
680,1994,NZL,Wellington,-41.3,174.783333,15.806,1.096,187.377,678.3
681,1995,NZL,Wellington,-41.3,174.783333,14.775,1.027,183.84,675.32
682,1996,NZL,Wellington,-41.3,174.783333,14.541,1.002,185.022,690.5
683,1997,NZL,Wellington,-41.3,174.783333,14.355,1.019,194.962,737.21
684,2004,NZL,Wellington,-41.3,174.783333,10.767,0.851,213.402,872.28
685,2005,NZL,Wellington,-41.3,174.783333,10.697,0.885,227.251,939.43
686,2006,NZL,Wellington,-41.3,174.783333,11.308,0.976,271.073,1134.33
687,2007,NZL,Wellington,-41.3,174.783333,10.394,0.865,254.188,1073.64
688,1970,NOR,Oslo,59.91666667,10.75,8.564,0.342,11.514,44.63
689,1971,NOR,Oslo,59.91666667,10.75,7.933,0.338,12.556,49.01
690,1972,NOR,Oslo,59.91666667,10.75,7.166,0.332,13.453,52.91
691,1973,NOR,Oslo,59.91666667,10.75,7.057,0.338,14.973,59.3
692,1974,NOR,Oslo,59.91666667,10.75,7.236,0.346,17.281,68.87
693,1975,NOR,Oslo,59.91666667,10.75,7.103,0.369,20.986,84.1
694,1976,NOR,Oslo,59.91666667,10.75,6.876,0.366,23.14,93.17
695,1977,NOR,Oslo,59.91666667,10.75,6.355,0.353,24.545,99.24
696,1978,NOR,Oslo,59.91666667,10.75,5.545,0.338,26.049,105.72
697,1979,NOR,Oslo,59.91666667,10.75,5.787,0.322,27.975,113.93
698,1980,NOR,Oslo,59.91666667,10.75,11.023,0.596,58.829,240.35
699,1981,NOR,Oslo,59.91666667,10.75,10.847,0.59,64.446,264.21
700,1982,NOR,Oslo,59.91666667,10.75,10.88,0.614,71.076,292.46
701,1983,NOR,Oslo,59.91666667,10.75,10.673,0.621,77.53,320.08
702,1984,NOR,Oslo,59.91666667,10.75,10.941,0.599,81.903,339.09
703,1985,NOR,Oslo,59.91666667,10.75,10.661,0.584,86.65,359.82
704,1986,NOR,Oslo,59.91666667,10.75,10.51,0.622,97.607,406.76
705,1987,NOR,Oslo,59.91666667,10.75,10.322,0.635,103.549,433.55
706,1988,NOR,Oslo,59.91666667,10.75,7.712,0.485,81.21,341.85
707,1989,NOR,Oslo,59.91666667,10.75,8.141,0.498,87.135,368.31
708,1990,NOR,Oslo,59.91666667,10.75,7.659,0.542,99.867,423.58
709,1991,NOR,Oslo,59.91666667,10.75,7.799,0.573,112.003,477.33
710,1992,NOR,Oslo,59.91666667,10.75,7.903,0.593,121.995,522.92
711,1993,NOR,Oslo,59.91666667,10.75,10.101,0.745,160.581,692.42
712,1994,NOR,Oslo,59.91666667,10.75,9.282,0.677,155.562,674.61
713,1995,NOR,Oslo,59.91666667,10.75,9.514,0.692,168.181,733.13
714,1996,NOR,Oslo,59.91666667,10.75,9.653,0.694,185.931,814.63
715,1997,NOR,Oslo,59.91666667,10.75,9.633,0.746,213.214,939.24
716,1998,NOR,Oslo,59.91666667,10.75,9.592,0.808,227.62,1008.69
717,1999,NOR,Oslo,59.91666667,10.75,9.601,0.81,247.47,1104.19
718,2000,NOR,Oslo,59.91666667,10.75,10.212,0.787,290.719,1305.61
719,2001,NOR,Oslo,59.91666667,10.75,9.993,0.801,303.553,1370.16
720,2002,NOR,Oslo,59.91666667,10.75,10.057,0.906,343.788,1560.16
721,2003,NOR,Oslo,59.91666667,10.75,9.877,0.911,350.856,1601.61
722,2004,NOR,Oslo,59.91666667,10.75,10.062,0.888,377.594,1733.88
723,2005,NOR,Oslo,59.91666667,10.75,9.662,0.805,384.641,1778.31
724,2006,NOR,Oslo,59.91666667,10.75,9.232,0.731,395.454,1843.08
725,2007,NOR,Oslo,59.91666667,10.75,8.579,0.691,385.796,1816.77
726,2008,NOR,Oslo,59.91666667,10.75,7.95,0.633,390.574,1862.34
727,2009,NOR,Oslo,59.91666667,10.75,7.606,0.69,382.607,1847.5
728,2010,NOR,Oslo,59.91666667,10.75,7.653,0.682,395.456,1933.48
729,2011,NOR,Oslo,59.91666667,10.75,7.998,0.703,436.365,2161.35
730,2012,NOR,Oslo,59.91666667,10.75,7.733,0.679,443.629,2226.38
731,2013,NOR,Oslo,59.91666667,10.75,7.589,0.678,453.76,2304.93
732,2014,NOR,Oslo,59.91666667,10.75,7.49,0.7,459.597,2361.06
733,2015,NOR,Oslo,59.91666667,10.75,7.655,0.764,473.844,2458.59
734,2016,NOR,Oslo,59.91666667,10.75,7.539,0.789,501.15,2622.48
735,2002,POL,Warsaw,52.25,21.0,29.509,1.794,211.341,8079.64
736,2003,POL,Warsaw,52.25,21.0,31.574,1.883,230.732,8815.02
737,2004,POL,Warsaw,52.25,21.0,31.0,1.819,242.886,9273.93
738,2005,POL,Warsaw,52.25,21.0,29.762,1.728,240.171,9166.23
739,2006,POL,Warsaw,52.25,21.0,28.819,1.672,253.274,9660.19
740,2007,POL,Warsaw,52.25,21.0,26.54,1.559,261.569,9971.16
741,2008,POL,Warsaw,52.25,21.0,24.605,1.568,287.143,10947.54
742,2009,POL,Warsaw,52.25,21.0,24.574,1.619,311.849,11897.54
743,2010,POL,Warsaw,52.25,21.0,24.333,1.562,329.4,12531.3
744,2011,POL,Warsaw,52.25,21.0,24.148,1.505,343.987,13093.26
745,2012,POL,Warsaw,52.25,21.0,22.255,1.38,328.913,12519.47
746,2013,POL,Warsaw,52.25,21.0,21.704,1.384,342.047,13011.53
747,2014,POL,Warsaw,52.25,21.0,21.468,1.341,344.854,13108.5
748,2015,POL,Warsaw,52.25,21.0,20.966,1.33,357.184,13568.14
749,1970,PRT,Lisbon,38.71666667,-9.133333,14.226,0.322,6.784,58.89
750,1977,PRT,Lisbon,38.71666667,-9.133333,20.706,0.846,35.339,334.15
751,1978,PRT,Lisbon,38.71666667,-9.133333,24.23,1.021,46.422,443.71
752,1979,PRT,Lisbon,38.71666667,-9.133333,25.041,1.025,52.753,509.66
753,1980,PRT,Lisbon,38.71666667,-9.133333,20.977,1.004,58.286,569.24
754,1981,PRT,Lisbon,38.71666667,-9.133333,19.472,0.978,62.52,615.91
755,1982,PRT,Lisbon,38.71666667,-9.133333,18.984,0.965,66.506,659.19
756,1983,PRT,Lisbon,38.71666667,-9.133333,20.083,0.969,68.948,686.57
757,1984,PRT,Lisbon,38.71666667,-9.133333,20.577,1.018,73.363,733.35
758,1985,PRT,Lisbon,38.71666667,-9.133333,25.954,1.393,106.172,1064.23
759,1986,PRT,Lisbon,38.71666667,-9.133333,23.01,1.365,110.418,1107.79
760,1987,PRT,Lisbon,38.71666667,-9.133333,25.339,1.462,129.032,1294.19
761,1988,PRT,Lisbon,38.71666667,-9.133333,23.255,1.397,137.375,1376.44
762,1989,PRT,Lisbon,38.71666667,-9.133333,24.267,1.344,146.308,1463.81
763,1990,PRT,Lisbon,38.71666667,-9.133333,25.305,1.396,164.162,1638.87
764,1991,PRT,Lisbon,38.71666667,-9.133333,24.786,1.497,190.3,1895.43
765,1992,PRT,Lisbon,38.71666667,-9.133333,25.336,1.567,206.193,2052.13
766,1993,PRT,Lisbon,38.71666667,-9.133333,26.203,1.691,222.786,2219.99
767,1994,PRT,Lisbon,38.71666667,-9.133333,26.03,1.673,226.69,2264.98
768,1995,PRT,Lisbon,38.71666667,-9.133333,24.275,1.748,251.235,2518.93
769,1996,PRT,Lisbon,38.71666667,-9.133333,24.626,1.835,273.478,2752.27
770,1997,PRT,Lisbon,38.71666667,-9.133333,24.72,1.832,289.154,2923.05
771,1998,PRT,Lisbon,38.71666667,-9.133333,24.15,1.783,297.23,3019.92
772,2000,PRT,Lisbon,38.71666667,-9.133333,21.881,1.832,345.833,3558.59
773,2001,PRT,Lisbon,38.71666667,-9.133333,22.486,1.89,370.107,3835.32
774,2002,PRT,Lisbon,38.71666667,-9.133333,22.542,1.929,392.927,4094.15
775,2003,PRT,Lisbon,38.71666667,-9.133333,22.284,1.984,413.377,4323.44
776,2004,PRT,Lisbon,38.71666667,-9.133333,22.336,2.076,446.21,4678.0
777,2005,PRT,Lisbon,38.71666667,-9.133333,22.09,2.084,473.861,4977.12
778,2006,PRT,Lisbon,38.71666667,-9.133333,22.342,2.041,503.565,5298.66
779,2007,PRT,Lisbon,38.71666667,-9.133333,22.136,2.007,515.673,5436.72
780,2008,PRT,Lisbon,38.71666667,-9.133333,21.184,1.981,527.624,5570.75
781,2009,PRT,Lisbon,38.71666667,-9.133333,20.154,1.991,527.548,5575.26
782,2010,PRT,Lisbon,38.71666667,-9.133333,19.269,1.892,517.697,5473.66
783,2011,PRT,Lisbon,38.71666667,-9.133333,18.373,1.751,468.954,4951.01
784,2012,PRT,Lisbon,38.71666667,-9.133333,16.638,1.555,411.465,4326.49
785,2013,PRT,Lisbon,38.71666667,-9.133333,15.613,1.419,395.927,4140.33
786,2014,PRT,Lisbon,38.71666667,-9.133333,15.398,1.389,400.196,4162.46
787,2015,PRT,Lisbon,38.71666667,-9.133333,15.5,1.391,412.877,4276.61
788,1999,SVK,Bratislava,48.15,17.116667,34.81,1.928,206.344,1113.44
789,2000,SVK,Bratislava,48.15,17.116667,34.69,1.843,209.134,1126.96
790,2001,SVK,Bratislava,48.15,17.116667,34.657,1.851,229.487,1234.38
791,2002,SVK,Bratislava,48.15,17.116667,37.564,2.072,275.505,1481.37
792,2003,SVK,Bratislava,48.15,17.116667,40.239,2.196,310.549,1668.7
793,2004,SVK,Bratislava,48.15,17.116667,34.185,2.215,336.67,1808.69
794,2005,SVK,Bratislava,48.15,17.116667,33.282,2.196,364.882,1960.44
795,2006,SVK,Bratislava,48.15,17.116667,31.128,2.136,403.152,2166.16
796,2007,SVK,Bratislava,48.15,17.116667,29.372,2.112,446.793,2401.34
797,2008,SVK,Bratislava,48.15,17.116667,30.159,2.101,497.76,2677.57
798,2009,SVK,Bratislava,48.15,17.116667,29.429,2.342,540.515,2911.43
799,2010,SVK,Bratislava,48.15,17.116667,29.198,2.278,569.68,3071.39
800,2011,SVK,Bratislava,48.15,17.116667,28.72,2.131,550.42,2971.38
801,2012,SVK,Bratislava,48.15,17.116667,26.544,2.026,539.956,2919.85
802,2013,SVK,Bratislava,48.15,17.116667,26.535,1.998,557.263,3016.68
803,2014,SVK,Bratislava,48.15,17.116667,27.029,1.871,542.885,2941.7
804,2015,SVK,Bratislava,48.15,17.116667,26.866,1.85,553.268,3000.82
805,1980,ESP,Madrid,40.4,-3.683333,21.807,1.083,76.161,2855.36
806,1981,ESP,Madrid,40.4,-3.683333,21.468,1.096,83.527,3153.87
807,1982,ESP,Madrid,40.4,-3.683333,22.189,1.153,93.937,3568.29
808,1983,ESP,Madrid,40.4,-3.683333,20.64,1.104,94.666,3613.55
809,1984,ESP,Madrid,40.4,-3.683333,19.24,0.993,89.373,3425.7
810,1985,ESP,Madrid,40.4,-3.683333,21.034,1.061,100.491,3865.84
811,1986,ESP,Madrid,40.4,-3.683333,19.646,0.983,97.807,3773.85
812,1987,ESP,Madrid,40.4,-3.683333,19.317,0.98,105.265,4072.16
813,1988,ESP,Madrid,40.4,-3.683333,18.402,1.039,121.057,4693.01
814,1989,ESP,Madrid,40.4,-3.683333,18.798,1.084,137.413,5335.44
815,1990,ESP,Madrid,40.4,-3.683333,18.556,1.132,154.269,5996.02
816,1995,ESP,Madrid,40.4,-3.683333,19.775,1.394,225.894,8973.42
817,1996,ESP,Madrid,40.4,-3.683333,20.275,1.433,242.473,9672.21
818,1997,ESP,Madrid,40.4,-3.683333,21.321,1.482,264.692,10602.87
819,1998,ESP,Madrid,40.4,-3.683333,21.66,1.498,284.806,11455.9
820,1999,ESP,Madrid,40.4,-3.683333,22.123,1.532,304.884,12313.31
821,2000,ESP,Madrid,40.4,-3.683333,21.958,1.497,322.041,13064.52
822,2001,ESP,Madrid,40.4,-3.683333,21.949,1.489,341.886,13966.18
823,2002,ESP,Madrid,40.4,-3.683333,22.65,1.541,375.405,15553.61
824,2003,ESP,Madrid,40.4,-3.683333,21.879,1.648,412.778,17414.13
825,2004,ESP,Madrid,40.4,-3.683333,21.26,1.62,424.38,18215.19
826,2005,ESP,Madrid,40.4,-3.683333,20.653,1.585,439.206,19172.73
827,2006,ESP,Madrid,40.4,-3.683333,19.635,1.523,469.511,20845.03
828,2007,ESP,Madrid,40.4,-3.683333,19.01,1.49,485.437,21954.76
829,2008,ESP,Madrid,40.4,-3.683333,18.494,1.533,512.994,23574.18
830,2009,ESP,Madrid,40.4,-3.683333,18.252,1.641,531.957,24663.09
831,2010,ESP,Madrid,40.4,-3.683333,18.192,1.641,524.963,24451.15
832,2011,ESP,Madrid,40.4,-3.683333,17.78,1.617,518.368,24229.92
833,2012,ESP,Madrid,40.4,-3.683333,17.652,1.602,512.297,23961.7
834,2013,ESP,Madrid,40.4,-3.683333,18.679,1.685,549.259,25606.48
835,2014,ESP,Madrid,40.4,-3.683333,17.909,1.627,547.538,25450.05
836,2015,ESP,Madrid,40.4,-3.683333,17.995,1.649,572.253,26579.83
837,1970,SWE,Stockholm,59.33333333,18.05,7.666,0.422,20.418,164.22
838,1971,SWE,Stockholm,59.33333333,18.05,7.768,0.462,23.532,190.57
839,1972,SWE,Stockholm,59.33333333,18.05,8.49,0.513,27.837,226.1
840,1973,SWE,Stockholm,59.33333333,18.05,9.326,0.561,33.314,271.05
841,1974,SWE,Stockholm,59.33333333,18.05,8.995,0.563,37.473,305.78
842,1975,SWE,Stockholm,59.33333333,18.05,8.56,0.56,41.61,340.89
843,1976,SWE,Stockholm,59.33333333,18.05,8.118,0.555,43.743,359.67
844,1977,SWE,Stockholm,59.33333333,18.05,7.701,0.584,48.003,396.1
845,1978,SWE,Stockholm,59.33333333,18.05,7.507,0.573,51.13,423.13
846,1979,SWE,Stockholm,59.33333333,18.05,7.381,0.556,55.579,460.95
847,1980,SWE,Stockholm,59.33333333,18.05,6.974,0.546,60.498,502.77
848,1981,SWE,Stockholm,59.33333333,18.05,7.019,0.557,67.682,563.15
849,1982,SWE,Stockholm,59.33333333,18.05,7.298,0.586,76.451,636.47
850,1983,SWE,Stockholm,59.33333333,18.05,7.393,0.587,81.086,675.37
851,1984,SWE,Stockholm,59.33333333,18.05,7.157,0.554,82.604,688.64
852,1985,SWE,Stockholm,59.33333333,18.05,7.671,0.564,88.457,738.65
853,1986,SWE,Stockholm,59.33333333,18.05,7.933,0.565,92.603,775.07
854,1987,SWE,Stockholm,59.33333333,18.05,8.143,0.586,101.523,852.57
855,1988,SWE,Stockholm,59.33333333,18.05,7.585,0.54,98.76,833.19
856,1989,SWE,Stockholm,59.33333333,18.05,8.6,0.617,119.607,1015.82
857,1990,SWE,Stockholm,59.33333333,18.05,8.628,0.626,125.815,1076.83
858,1991,SWE,Stockholm,59.33333333,18.05,9.154,0.663,135.181,1164.91
859,1992,SWE,Stockholm,59.33333333,18.05,10.108,0.761,155.916,1351.49
860,1993,SWE,Stockholm,59.33333333,18.05,11.203,0.871,177.84,1550.51
861,1994,SWE,Stockholm,59.33333333,18.05,12.355,0.911,196.493,1725.35
862,1995,SWE,Stockholm,59.33333333,18.05,12.929,0.943,214.705,1895.19
863,1996,SWE,Stockholm,59.33333333,18.05,14.254,1.068,252.227,2229.94
864,1997,SWE,Stockholm,59.33333333,18.05,13.028,0.953,233.056,2061.63
865,1998,SWE,Stockholm,59.33333333,18.05,14.286,1.058,269.433,2384.74
866,1999,SWE,Stockholm,59.33333333,18.05,14.635,1.085,294.6,2609.53
867,2000,SWE,Stockholm,59.33333333,18.05,14.511,1.076,314.697,2792.03
868,2001,SWE,Stockholm,59.33333333,18.05,14.61,1.174,348.639,3101.48
869,2002,SWE,Stockholm,59.33333333,18.05,14.706,1.23,376.14,3357.03
870,2003,SWE,Stockholm,59.33333333,18.05,14.215,1.203,378.634,3391.89
871,2004,SWE,Stockholm,59.33333333,18.05,14.128,1.167,391.6,3521.87
872,2005,SWE,Stockholm,59.33333333,18.05,13.922,1.152,391.434,3534.48
873,2006,SWE,Stockholm,59.33333333,18.05,13.952,1.139,426.3,3871.02
874,2007,SWE,Stockholm,59.33333333,18.05,13.704,1.106,448.828,4105.92
875,2008,SWE,Stockholm,59.33333333,18.05,13.65,1.135,474.925,4378.64
876,2009,SWE,Stockholm,59.33333333,18.05,13.475,1.205,478.419,4448.59
877,2010,SWE,Stockholm,59.33333333,18.05,13.301,1.129,470.326,4410.78
878,2011,SWE,Stockholm,59.33333333,18.05,10.245,1.094,478.705,4523.39
879,2012,SWE,Stockholm,59.33333333,18.05,10.149,1.11,496.505,4726.42
880,2013,SWE,Stockholm,59.33333333,18.05,9.846,1.093,499.194,4792.45
881,2014,SWE,Stockholm,59.33333333,18.05,9.816,1.094,507.491,4920.69
882,2015,SWE,Stockholm,59.33333333,18.05,9.851,1.085,518.78,5083.62
883,1985,CHE,Bern,46.91666667,7.466667,11.592,0.808,171.227,1107.9
884,1986,CHE,Bern,46.91666667,7.466667,12.105,0.865,189.428,1232.06
885,1987,CHE,Bern,46.91666667,7.466667,10.344,0.76,172.362,1128.13
886,1988,CHE,Bern,46.91666667,7.466667,10.682,0.79,190.12,1253.53
887,1989,CHE,Bern,46.91666667,7.466667,10.326,0.766,198.234,1317.64
888,1990,CHE,Bern,46.91666667,7.466667,10.549,0.777,213.748,1435.43
889,1991,CHE,Bern,46.91666667,7.466667,10.106,0.805,223.999,1523.19
890,1992,CHE,Bern,46.91666667,7.466667,9.692,0.808,227.292,1562.72
891,1993,CHE,Bern,46.91666667,7.466667,10.022,0.843,240.318,1667.39
892,1994,CHE,Bern,46.91666667,7.466667,10.055,0.853,249.578,1745.5
893,1995,CHE,Bern,46.91666667,7.466667,10.097,0.893,266.307,1874.98
894,1996,CHE,Bern,46.91666667,7.466667,10.162,0.935,285.052,2015.84
895,1997,CHE,Bern,46.91666667,7.466667,10.453,0.96,305.359,2164.66
896,1998,CHE,Bern,46.91666667,7.466667,10.352,0.964,316.86,2252.87
897,1999,CHE,Bern,46.91666667,7.466667,10.623,1.003,339.043,2422.12
898,2000,CHE,Bern,46.91666667,7.466667,10.836,1.012,361.001,2593.52
899,2001,CHE,Bern,46.91666667,7.466667,10.741,1.041,383.731,2774.32
900,2002,CHE,Bern,46.91666667,7.466667,10.395,1.05,395.506,2881.16
901,2003,CHE,Bern,46.91666667,7.466667,10.616,1.103,414.972,3045.48
902,2004,CHE,Bern,46.91666667,7.466667,10.549,1.1,430.299,3179.75
903,2005,CHE,Bern,46.91666667,7.466667,10.622,1.089,440.715,3277.65
904,2006,CHE,Bern,46.91666667,7.466667,10.399,1.02,458.412,3430.73
905,2007,CHE,Bern,46.91666667,7.466667,10.305,0.993,491.141,3708.66
906,2008,CHE,Bern,46.91666667,7.466667,10.137,0.991,518.695,3966.81
907,2009,CHE,Bern,46.91666667,7.466667,10.134,1.053,543.521,4208.93
908,2010,CHE,Bern,46.91666667,7.466667,14.503,1.558,824.671,6452.98
909,2011,CHE,Bern,46.91666667,7.466667,14.439,1.562,873.221,6909.27
910,2012,CHE,Bern,46.91666667,7.466667,14.307,1.588,914.396,7312.3
911,2013,CHE,Bern,46.91666667,7.466667,14.083,1.6,956.715,7739.2
912,2014,CHE,Bern,46.91666667,7.466667,13.895,1.61,985.969,8073.75
913,2015,CHE,Bern,46.91666667,7.466667,14.014,1.69,1056.053,8746.65
914,1981,TUR,Ankara,39.93333333,32.866667,10.714,0.276,12.664,569.73
915,1982,TUR,Ankara,39.93333333,32.866667,12.903,0.277,13.611,626.45
916,1983,TUR,Ankara,39.93333333,32.866667,11.905,0.261,13.762,647.82
917,1984,TUR,Ankara,39.93333333,32.866667,10.938,0.231,13.098,630.2
918,1985,TUR,Ankara,39.93333333,32.866667,13.889,0.207,12.302,604.45
919,1986,TUR,Ankara,39.93333333,32.866667,12.403,0.228,14.455,724.61
920,1987,TUR,Ankara,39.93333333,32.866667,13.333,0.253,17.667,902.8
921,1990,TUR,Ankara,39.93333333,32.866667,22.021,0.54,43.847,2364.3
922,1994,TUR,Ankara,39.93333333,32.866667,31.628,0.83,75.335,4336.59
923,1999,TUR,Ankara,39.93333333,32.866667,27.339,1.221,100.371,6251.84
924,2000,TUR,Ankara,39.93333333,32.866667,27.806,1.285,118.272,7479.54
925,1970,GBR,London,51.5,-0.083333,15.819,0.628,22.406,1247.19
926,1971,GBR,London,51.5,-0.083333,15.992,0.642,24.816,1387.12
927,1972,GBR,London,51.5,-0.083333,15.6,0.638,26.713,1498.23
928,1973,GBR,London,51.5,-0.083333,15.005,0.603,28.318,1591.32
929,1974,GBR,London,51.5,-0.083333,14.959,0.695,34.671,1949.55
930,1975,GBR,London,51.5,-0.083333,12.706,0.627,33.655,1892.28
931,1976,GBR,London,51.5,-0.083333,13.111,0.649,37.833,2126.67
932,1977,GBR,London,51.5,-0.083333,13.654,0.662,41.998,2360.01
933,1978,GBR,London,51.5,-0.083333,13.849,0.665,47.027,2642.75
934,1979,GBR,London,51.5,-0.083333,13.627,0.646,51.289,2884.85
935,1980,GBR,London,51.5,-0.083333,13.528,0.685,58.008,3266.68
936,1981,GBR,London,51.5,-0.083333,13.383,0.707,64.956,3659.22
937,1982,GBR,London,51.5,-0.083333,14.488,0.742,73.881,4160.51
938,1983,GBR,London,51.5,-0.083333,14.289,0.76,81.975,4617.89
939,1984,GBR,London,51.5,-0.083333,15.156,0.794,90.486,5105.41
940,1985,GBR,London,51.5,-0.083333,15.008,0.771,94.335,5334.67
941,1986,GBR,London,51.5,-0.083333,15.07,0.772,99.163,5620.7
942,1987,GBR,London,51.5,-0.083333,14.468,0.749,103.709,5890.88
943,1988,GBR,London,51.5,-0.083333,14.664,0.746,112.847,6424.19
944,1989,GBR,London,51.5,-0.083333,14.777,0.744,119.66,6829.8
945,1990,GBR,London,51.5,-0.083333,14.485,0.737,123.408,7064.81
946,1991,GBR,London,51.5,-0.083333,14.7,0.806,137.486,7895.12
947,1992,GBR,London,51.5,-0.083333,15.092,0.896,156.32,9000.97
948,1993,GBR,London,51.5,-0.083333,15.52,0.932,170.23,9825.44
949,1994,GBR,London,51.5,-0.083333,15.948,0.969,187.466,10847.86
950,1995,GBR,London,51.5,-0.083333,16.126,0.913,184.328,10694.53
951,1996,GBR,London,51.5,-0.083333,16.546,0.935,201.152,11700.4
952,1997,GBR,London,51.5,-0.083333,16.925,0.935,212.206,12375.21
953,2013,GBR,London,51.5,-0.083333,12.185,1.201,468.513,30044.91
954,2014,GBR,London,51.5,-0.083333,12.049,1.181,480.649,31056.25
955,2015,GBR,London,51.5,-0.083333,12.057,1.191,497.394,32394.7
956,2000,USA,"Washington, D.C.",38.883333,-77.0,11.365,1.421,518.109,146190.88
957,2001,USA,"Washington, D.C.",38.883333,-77.0,11.729,1.545,575.975,164134.99
958,2002,USA,"Washington, D.C.",38.883333,-77.0,12.075,1.686,643.351,185043.96
959,2003,USA,"Washington, D.C.",38.883333,-77.0,12.327,1.782,707.226,205171.87
960,2004,USA,"Washington, D.C.",38.883333,-77.0,12.505,1.818,762.271,223196.99
961,2005,USA,"Washington, D.C.",38.883333,-77.0,12.471,1.814,803.701,237506.99
962,2006,USA,"Washington, D.C.",38.883333,-77.0,12.725,1.866,866.302,258487.11
963,2007,USA,"Washington, D.C.",38.883333,-77.0,12.641,1.884,905.301,272704.91
964,2008,USA,"Washington, D.C.",38.883333,-77.0,12.399,1.896,917.815,279102.0
965,2009,USA,"Washington, D.C.",38.883333,-77.0,12.331,2.015,946.894,290480.12
966,2010,USA,"Washington, D.C.",38.883333,-77.0,11.938,1.957,946.859,292909.12
967,2011,USA,"Washington, D.C.",38.883333,-77.0,11.855,1.939,965.58,300935.91
968,2012,USA,"Washington, D.C.",38.883333,-77.0,11.459,1.874,964.237,302768.85
969,2013,USA,"Washington, D.C.",38.883333,-77.0,11.384,1.858,980.864,310154.01
970,2014,USA,"Washington, D.C.",38.883333,-77.0,11.968,1.981,1081.402,344495.16
971,2015,USA,"Washington, D.C.",38.883333,-77.0,12.227,2.068,1162.399,373009.91
972,1999,EST,Tallinn,59.43333333,24.716667,19.973,1.139,95.332,132.53
973,2000,EST,Tallinn,59.43333333,24.716667,22.79,1.177,110.803,154.79
974,2001,EST,Tallinn,59.43333333,24.716667,25.52,1.222,126.176,175.15
975,2002,EST,Tallinn,59.43333333,24.716667,27.158,1.285,148.975,205.49
976,2003,EST,Tallinn,59.43333333,24.716667,24.654,1.204,157.352,215.69
977,2004,EST,Tallinn,59.43333333,24.716667,25.539,1.301,187.682,255.73
978,2005,EST,Tallinn,59.43333333,24.716667,24.026,1.191,196.655,266.42
979,2006,EST,Tallinn,59.43333333,24.716667,23.76,1.169,225.173,303.27
980,2007,EST,Tallinn,59.43333333,24.716667,21.745,1.093,240.063,321.85
981,2008,EST,Tallinn,59.43333333,24.716667,18.788,1.081,244.933,327.5
982,2009,EST,Tallinn,59.43333333,24.716667,19.983,1.307,268.334,358.1
983,2010,EST,Tallinn,59.43333333,24.716667,20.458,1.296,280.186,373.06
984,2011,EST,Tallinn,59.43333333,24.716667,19.87,1.157,283.959,376.94
985,2012,EST,Tallinn,59.43333333,24.716667,20.15,1.174,305.562,404.17
986,2013,EST,Tallinn,59.43333333,24.716667,19.327,1.164,319.351,420.9
987,2014,EST,Tallinn,59.43333333,24.716667,18.703,1.162,331.543,435.83
988,2015,EST,Tallinn,59.43333333,24.716667,18.22,1.187,343.486,451.82
989,2002,SVN,Ljubljana,46.05,14.516667,22.091,1.766,358.67,715.38
990,2003,SVN,Ljubljana,46.05,14.516667,21.213,1.714,362.285,723.02
991,2004,SVN,Ljubljana,46.05,14.516667,21.234,1.683,383.638,766.13
992,2005,SVN,Ljubljana,46.05,14.516667,21.305,1.697,406.336,812.86
993,2006,SVN,Ljubljana,46.05,14.516667,21.146,1.65,425.293,853.51
994,2007,SVN,Ljubljana,46.05,14.516667,20.077,1.505,415.215,837.95
995,2008,SVN,Ljubljana,46.05,14.516667,19.07,1.497,443.436,896.32
996,2009,SVN,Ljubljana,46.05,14.516667,19.75,1.691,465.075,948.6
997,2010,SVN,Ljubljana,46.05,14.516667,19.847,1.699,472.268,967.48
998,2011,SVN,Ljubljana,46.05,14.516667,19.633,1.677,482.969,991.46
999,2012,SVN,Ljubljana,46.05,14.516667,20.247,1.767,509.632,1048.39
1000,2013,SVN,Ljubljana,46.05,14.516667,20.358,1.783,526.46,1084.48
1001,2014,SVN,Ljubljana,46.05,14.516667,18.606,1.589,492.577,1015.68
1002,2015,SVN,Ljubljana,46.05,14.516667,18.33,1.566,500.567,1032.94
1003,2006,ISR,Jerusalem,31.76666667,35.233333,13.293,0.923,236.833,1670.55
1004,2007,ISR,Jerusalem,31.76666667,35.233333,13.57,0.938,257.901,1851.75
1005,2008,ISR,Jerusalem,31.76666667,35.233333,13.389,0.937,256.823,1877.07
1006,2009,ISR,Jerusalem,31.76666667,35.233333,13.974,0.991,272.317,2038.46
1007,2010,ISR,Jerusalem,31.76666667,35.233333,13.577,0.957,276.113,2104.98
1008,2011,ISR,Jerusalem,31.76666667,35.233333,13.388,0.938,286.345,2223.7
1009,2012,ISR,Jerusalem,31.76666667,35.233333,13.213,0.941,298.796,2363.63
1010,2013,ISR,Jerusalem,31.76666667,35.233333,12.924,0.915,313.203,2524.26
1011,2004,LVA,Riga,56.95,24.1,23.68,1.475,180.294,408.03
1012,2005,LVA,Riga,56.95,24.1,22.548,1.321,182.984,409.66
1013,2006,LVA,Riga,56.95,24.1,23.176,1.33,209.574,464.91
1014,2007,LVA,Riga,56.95,24.1,26.523,1.53,277.258,610.06
1015,2008,LVA,Riga,56.95,24.1,21.484,1.209,234.848,511.34
1016,2009,LVA,Riga,56.95,24.1,24.354,1.499,253.112,542.08
1017,2010,LVA,Riga,56.95,24.1,25.794,1.586,279.009,585.24
1018,2011,LVA,Riga,56.95,24.1,26.092,1.454,287.478,592.12
1019,2012,LVA,Riga,56.95,24.1,25.519,1.383,293.962,598.01
1020,2013,LVA,Riga,56.95,24.1,26.284,1.419,321.85,647.77
1021,2014,LVA,Riga,56.95,24.1,26.845,1.473,351.889,701.59
1022,2015,LVA,Riga,56.95,24.1,26.761,1.542,383.852,759.08
1023,2004,LTU,Vilnius,54.68333333,25.316667,33.914,1.867,243.511,822.35
1024,2005,LTU,Vilnius,54.68333333,25.316667,34.341,1.937,281.439,935.09
1025,2006,LTU,Vilnius,54.68333333,25.316667,30.993,1.809,298.436,975.86
1026,2007,LTU,Vilnius,54.68333333,25.316667,28.47,1.639,312.933,1011.18
1027,2008,LTU,Vilnius,54.68333333,25.316667,26.126,1.643,340.758,1089.82
1028,2009,LTU,Vilnius,54.68333333,25.316667,26.661,1.961,356.225,1126.71
1029,2010,LTU,Vilnius,54.68333333,25.316667,26.716,1.821,366.563,1135.35
1030,2011,LTU,Vilnius,54.68333333,25.316667,26.038,1.692,386.589,1170.64
1031,2012,LTU,Vilnius,54.68333333,25.316667,28.942,1.82,448.728,1340.7
1032,2013,LTU,Vilnius,54.68333333,25.316667,28.173,1.728,461.178,1364.02
1033,2014,LTU,Vilnius,54.68333333,25.316667,27.836,1.724,485.245,1422.92
1034,2015,LTU,Vilnius,54.68333333,25.316667,26.784,1.745,504.422,1465.3
1035,2015,RUS, Moscow,55.751244,37.618423,22.939,1.286,309.9,44655.62
